SUMLEV,REGION,DIVISION,STATE,NAME,ESTIMATESBASE2020,POPESTIMATE2020,POPESTIMATE2021,POPESTIMATE2022,POPESTIMATE2023,POPESTIMATE2024,POPESTIMATE2025,NPOPCHG_2020,NPOPCHG_2021,NPOPCHG_2022,NPOPCHG_2023,NPOPCHG_2024,NPOPCHG_2025,BIRTHS2020,BIRTHS2021,BIRTHS2022,BIRTHS2023,BIRTHS2024,BIRTHS2025,DEATHS2020,DEATHS2021,DEATHS2022,DEATHS2023,DEATHS2024,DEATHS2025,NATURALCHG2020,NATURALCHG2021,NATURALCHG2022,NATURALCHG2023,NATURALCHG2024,NATURALCHG2025,INTERNATIONALMIG2020,INTERNATIONALMIG2021,INTERNATIONALMIG2022,INTERNATIONALMIG2023,INTERNATIONALMIG2024,INTERNATIONALMIG2025,DOMESTICMIG2020,DOMESTICMIG2021,DOMESTICMIG2022,DOMESTICMIG2023,DOMESTICMIG2024,DOMESTICMIG2025,NETMIG2020,NETMIG2021,NETMIG2022,NETMIG2023,NETMIG2024,NETMIG2025,RESIDUAL2020,RESIDUAL2021,RESIDUAL2022,RESIDUAL2023,RESIDUAL2024,RESIDUAL2025,GQESTIMATESBASE2020,GQESTIMATES2020,GQESTIMATES2021,GQESTIMATES2022,GQESTIMATES2023,GQESTIMATES2024,GQESTIMATES2025,RBIRTH2021,RBIRTH2022,RBIRTH2023,RBIRTH2024,RBIRTH2025,RDEATH2021,RDEATH2022,RDEATH2023,RDEATH2024,RDEATH2025,RNATURALCHG2021,RNATURALCHG2022,RNATURALCHG2023,RNATURALCHG2024,RNATURALCHG2025,RINTERNATIONALMIG2021,RINTERNATIONALMIG2022,RINTERNATIONALMIG2023,RINTERNATIONALMIG2024,RINTERNATIONALMIG2025,RDOMESTICMIG2021,RDOMESTICMIG2022,RDOMESTICMIG2023,RDOMESTICMIG2024,RDOMESTICMIG2025,RNETMIG2021,RNETMIG2022,RNETMIG2023,RNETMIG2024,RNETMIG2025
010,0,0,00,United States,331516113,331578104,332100166,333996304,336755052,340003797,341784857,61991,522062,1896138,2758748,3248745,1781060,894123,3584459,3680380,3648896,3608217,3620461,852024,3438423,3456354,3154285,3093940,3101603,42099,146036,224026,494611,514277,518858,19892,376026,1672112,2264137,2734468,1262202,0,0,0,0,0,0,19892,376026,1672112,2264137,2734468,1262202,0,0,0,0,0,0,8305481,8169006,7879040,8187501,8341542,8433491,8439257,10.80179708,11.05059152,10.88002571,10.66322814,10.62047888,10.36171638,10.3779382,9.405228843,9.14340464,9.098429497,0.440080704,0.672653317,1.474796869,1.519823496,1.522049383,1.133157486,5.02063012,6.751047105,8.081070544,3.702619551,0,0,0,0,0,1.133157486,5.02063012,6.751047105,8.081070544,3.702619551
020,1,0,00,Northeast Region,57617560,57436027,57234503,57174375,57458539,57940522,58042054,-181533,-201524,-60128,284164,481983,101532,146070,572863,588925,579757,574926,572507,193427,561002,564109,528693,516722,512934,-47357,11861,24816,51064,58204,59573,4433,80448,344754,510609,605435,246382,-130285,-288705,-426289,-274149,-179324,-205552,-125852,-208257,-81535,236460,426111,40830,-8324,-5128,-3409,-3360,-2332,1129,1705049,1625517,1670664,1719250,1790521,1830072,1814430,9.991459881,10.29509266,10.1150181,9.964136537,9.872293231,9.784588944,9.861280171,9.224104693,8.955393493,8.845018238,0.206870937,0.433812488,0.890913407,1.008743043,1.027274993,1.403115517,6.026700131,8.908593216,10.49289301,4.248603687,-5.035382674,-7.452026581,-4.783076525,-3.107893573,-3.544532413,-3.632267157,-1.425326451,4.125516691,7.384999433,0.704071274
030,1,1,00,New England,15122087,15047713,15116021,15178293,15267275,15386901,15431980,-74374,68308,62272,88982,119626,45079,35403,139204,144796,142380,140797,141449,46227,143819,149534,143562,142128,140006,-10824,-4615,-4738,-1182,-1331,1443,1563,26730,110006,121848,135265,70763,-55434,43201,-38619,-30013,-13340,-27602,-53871,69931,71387,91835,121925,43161,-9679,2992,-4377,-1671,-968,475,509209,449361,487560,510677,520997,534806,537438,9.229891763,9.559285614,9.35308548,9.186154604,9.179372866,9.535888362,9.872083586,9.43073225,9.272994322,9.085728972,-0.305996598,-0.312797973,-0.077646769,-0.086839718,0.093643893,1.772326994,7.262484967,8.004317739,8.825224987,4.592184901,2.864433163,-2.549587358,-1.971584173,-0.870354499,-1.791239598,4.636760157,4.712897608,6.032733566,7.954870488,2.800945304
030,1,2,00,Middle Atlantic,42495473,42388314,42118482,41996082,42191264,42553621,42610074,-107159,-269832,-122400,195182,362357,56453,110667,433659,444129,437377,434129,431058,147200,417183,414575,385131,374594,372928,-36533,16476,29554,52246,59535,58130,2870,53718,234748,388761,470170,175619,-74851,-331906,-387670,-244136,-165984,-177950,-71981,-278188,-152922,144625,304186,-2331,1355,-8120,968,-1689,-1364,654,1195840,1176156,1183104,1208573,1269524,1295266,1276992,10.26329291,10.56009754,10.39056392,10.24555051,10.12304598,9.873359771,9.857389263,9.149379766,8.840509961,8.757910281,0.389933136,0.702708273,1.241184156,1.405040552,1.365135695,1.271329705,5.581625555,9.235616003,11.09612692,4.12426915,-7.855131557,-9.217666515,-5.799826496,-3.917262971,-4.179010786,-6.583801852,-3.63604096,3.435789507,7.178863952,-0.054741636
020,2,0,00,Midwest Region,68999462,68979566,68867096,68872112,69132050,69518281,69762666,-19896,-112470,5016,259938,386231,244385,190006,747473,753901,744414,735192,737743,186270,762711,771578,701318,684822,691326,3736,-15238,-17677,43096,50370,46417,3082,55297,218638,314946,382875,180161,-37458,-175434,-180661,-91566,-43686,16040,-34376,-120137,37977,223380,339189,196201,10744,22905,-15284,-6538,-3328,1767,1740852,1735403,1640399,1692184,1717350,1734689,1741779,10.84499239,10.94678866,10.78828333,10.60498009,10.5935954,11.06607863,11.20346213,10.16372245,9.878404113,9.927072078,-0.221086239,-0.256673467,0.624560874,0.726575979,0.666523326,0.802297266,3.174666142,4.564297126,5.522886202,2.587015724,-2.545349992,-2.62323274,-1.327003457,-0.630160775,0.230325832,-1.743052726,0.551433402,3.237293669,4.892725427,2.817341556
030,2,3,00,East North Central,47381476,47353837,47203510,47163396,47315626,47555538,47693655,-27639,-150327,-40114,152230,239912,138117,127310,500297,504103,496475,490580,490449,133469,530478,537461,485626,472717,475551,-6159,-30181,-33358,10849,17863,14898,1990,37011,158278,231180,275271,129075,-31173,-172366,-154584,-85055,-50632,-7114,-29183,-135355,3694,146125,224639,121961,7703,15209,-10450,-4744,-2590,1258,1139260,1137576,1051131,1093290,1116612,1129762,1136668,10.58187472,10.68389378,10.50974046,10.34202553,10.29822898,11.22023866,11.39087892,10.28008101,9.965451673,9.985407435,-0.638363934,-0.706985137,0.229659448,0.376573856,0.312821548,0.782826532,3.35452346,4.893784781,5.803048859,2.710259183,-3.645745264,-3.276233302,-1.800505513,-1.067384395,-0.149376594,-2.862918732,0.078290158,3.093279268,4.735664464,2.560882589
030,2,4,00,West North Central,21617986,21625729,21663586,21708716,21816424,21962743,22069011,7743,37857,45130,107708,146319,106268,62696,247176,249798,247939,244612,247294,52801,232233,234117,215692,212105,215775,9895,14943,15681,32247,32507,31519,1092,18286,60360,83766,107604,51086,-6285,-3068,-26077,-6511,6946,23154,-5193,15218,34283,77255,114550,74240,3041,7696,-4834,-1794,-738,509,601592,597827,589268,598894,600738,604927,605111,11.41972332,11.51877989,11.39290994,11.1748129,11.23253005,10.72934511,10.79569168,9.911145605,9.689768652,9.800881428,0.690378215,0.723088205,1.481764332,1.485044245,1.431648623,0.844827413,2.783343158,3.849085839,4.915762787,2.320416307,-0.141743985,-1.20247249,-0.299183414,0.31731988,1.051695556,0.703083428,1.580870667,3.549902424,5.233082667,3.372111863
020,3,0,00,South Region,126281605,126473371,127380165,129066102,130894372,132662072,133833983,191766,906794,1685937,1828270,1767700,1171911,348450,1427445,1481260,1488839,1472891,1481266,314317,1404166,1415258,1268450,1256122,1258400,34133,23279,66002,220389,216769,222866,8937,155227,757942,919367,1146872,596005,154622,732442,836925,677221,398525,357790,163559,887669,1594867,1596588,1545397,953795,-5926,-4154,25068,11293,5534,-4750,3069808,3038941,3004268,3055673,3092194,3114225,3122968,11.24620931,11.55220559,11.45434902,11.17704411,11.11660734,11.06280434,11.03746228,9.758791254,9.53209097,9.444042239,0.183404969,0.514743309,1.695557764,1.64495314,1.672565097,1.222965041,5.911117435,7.073129125,8.703046547,4.472899233,5.770587336,6.527098326,5.210184376,3.024209873,2.685142938,6.993552377,12.43821576,12.2833135,11.72725642,7.158042171
030,3,5,00,South Atlantic,66098022,66176335,66686315,67671784,68680474,69586214,70198706,78313,509980,985469,1008690,905740,612492,172327,699936,728467,728106,720902,726922,168537,727706,744850,673836,666037,664595,3790,-27770,-16383,54270,54865,62327,5995,97729,475583,560519,617293,349644,77805,447313,507501,385372,229300,203812,83800,545042,983084,945891,846593,553456,-9277,-7292,18768,8529,4282,-3291,1629686,1596015,1594010,1624765,1639083,1649751,1654738,10.53623422,10.8436634,10.67977914,10.42770331,10.40057826,10.95425991,11.08753407,9.883752714,9.634092053,9.508822554,-0.418025683,-0.243870673,0.796026422,0.793611257,0.891755706,1.471128267,7.079335054,8.221631357,8.929019837,5.002599708,6.733464973,7.554453416,5.652594327,3.316778659,2.916079932,8.20459324,14.63378847,13.87422568,12.2457985,7.91867964
030,3,6,00,East South Central,19405307,19427354,19472696,19602668,19763302,19948564,20069188,22047,45342,129972,160634,185262,120624,54324,223503,227935,229537,227320,228238,56467,258569,260942,231238,228831,229519,-2143,-35066,-33007,-1701,-1511,-1281,522,7308,47001,67578,113031,50096,23105,69814,114362,93969,73356,72099,23627,77122,161363,161547,186387,122195,563,3286,1616,788,386,-290,506093,509161,475736,497611,503868,505146,507717,11.49114204,11.66643003,11.66169664,11.44846732,11.40683765,13.2940189,13.35583208,11.74811646,11.52456548,11.47085923,-1.80287686,-1.689402049,-0.086419819,-0.076098162,-0.064021587,0.375732165,2.405658972,3.433320708,5.692555469,2.503688863,3.589404127,5.853406765,4.774123437,3.694412144,3.603350833,3.965136292,8.259065738,8.207444145,9.386967613,6.107039696
030,3,7,00,West South Central,40778276,40869682,41221154,41791650,42450596,43127294,43566089,91406,351472,570496,658946,676698,438795,121799,504006,524858,531196,524669,526106,89313,417891,409466,363376,361254,364286,32486,86115,115392,167820,163415,161820,2420,50190,235358,291270,416548,196265,53712,215315,215062,197880,95869,81879,56132,265505,450420,489150,512417,278144,2788,-148,4684,1976,866,-1169,934029,933765,934522,933297,949243,959328,960513,12.27922688,12.64523001,12.61115474,12.26178865,12.13716622,10.18118515,9.865128758,8.626930483,8.442694719,8.404009335,2.098041735,2.780101248,3.984224257,3.819093927,3.733156889,1.222791786,5.670402364,6.915057797,9.734944388,4.527796545,5.245774327,5.181417556,4.697880444,2.240508617,1.888933092,6.468566114,10.85181992,11.61293824,11.97545301,6.416729637
020,4,0,00,West Region,78617486,78689140,78618402,78883715,79270091,79882922,80146154,71654,-70738,265313,386376,612831,263232,209597,836678,856294,835886,825208,828945,158010,710544,705409,655824,636274,638943,51587,126134,150885,180062,188934,190002,3440,85054,350778,519215,599286,239654,13121,-268303,-229975,-311506,-175515,-168278,16561,-183249,120803,207709,423771,71376,3506,-13623,-6375,-1395,126,1854,1789772,1769145,1563709,1720394,1741477,1754505,1760080,10.63748107,10.87342845,10.57054549,10.36999532,10.35992984,9.033819879,8.957454204,8.293496269,7.995751862,7.985336365,1.60366119,1.915974247,2.277049216,2.374243458,2.374593477,1.081372182,4.454263939,6.565950111,7.530941309,2.99513071,-3.411190545,-2.920278208,-3.93927921,-2.205613286,-2.103092815,-2.329818363,1.533985731,2.6266709,5.325328023,0.892037894
030,4,8,00,Mountain,24928332,25006940,25284969,25554105,25829773,26153377,26346149,78608,278029,269136,275668,323604,192772,68891,276996,282650,280129,279591,285113,54956,241496,250419,222898,220909,223624,13935,35500,32231,57231,58682,61489,1020,21407,87626,145878,185588,67811,64719,220677,148323,73506,78773,62734,65739,242084,235949,219384,264361,130545,-1066,445,956,-947,561,738,523881,520413,490001,511420,518598,525670,526242,11.01552936,11.11940001,10.90338102,10.75698568,10.86154568,9.603771454,9.851438285,8.675795159,8.499254085,8.519086439,1.411757903,1.267961726,2.227585859,2.257731592,2.342459244,0.8513099,3.447191033,5.677967708,7.140313736,2.583299514,8.775845037,5.835000063,2.861053033,3.030712837,2.389888244,9.627154937,9.282191096,8.539020741,10.17102657,4.973187758
030,4,9,00,Pacific,53689154,53682200,53333433,53329610,53440318,53729545,53800005,-6954,-348767,-3823,110708,289227,70460,140706,559682,573644,555757,545617,543832,103054,469048,454990,432926,415365,415319,37652,90634,118654,122831,130252,128513,2420,63647,263152,373337,413698,171843,-51598,-488980,-378298,-385012,-254288,-231012,-49178,-425333,-115146,-11675,159410,-59169,4572,-14068,-7331,-448,-435,1116,1265891,1248732,1073708,1208974,1222879,1228835,1233838,10.45981759,10.75619041,10.41036574,10.18228417,10.1150242,8.765971603,8.531352326,8.109511884,7.751526192,7.724741711,1.693845982,2.224838082,2.300853851,2.430757983,2.390282485,1.189489764,4.934267626,6.993298712,7.7204167,3.196200486,-9.138477927,-7.093328474,-7.21199325,-4.745513205,-4.296716577,-7.948988163,-2.159060847,-0.218694537,2.974903495,-1.100516091
040,3,6,01,Alabama,5025437,5032962,5050058,5076868,5117850,5163055,5193088,7525,17096,26810,40982,45205,30033,13899,57327,58251,58640,57648,57680,15121,69137,67263,60111,59508,59868,-1222,-11810,-9012,-1471,-1860,-2188,134,1808,8391,12621,22102,8946,9450,25795,27718,29774,24953,23358,9584,27603,36109,42395,47055,32304,-837,1303,-287,58,10,-83,129053,132345,132684,139735,142803,145212,145596,11.37099798,11.50418202,11.50399648,11.21457693,11.13928226,13.71355011,13.28399161,11.79257729,11.57641278,11.5618334,-2.342552132,-1.779809589,-0.288580812,-0.36183585,-0.422551137,0.358622714,1.657166252,2.475988056,4.299621483,1.727670234,5.116522629,5.474119195,5.841063971,4.854241917,4.510945822,5.475145343,7.131285446,8.317052026,9.1538634,6.238616056
040,4,9,02,Alaska,733383,732906,734590,733659,734654,736537,737270,-477,1684,-931,995,1883,733,2408,9460,9392,9130,9037,8867,1193,5431,6470,5616,5620,5559,1215,4029,2922,3514,3417,3308,63,873,1976,2335,2608,1959,-1697,-3043,-5909,-4913,-4183,-4525,-1634,-2170,-3933,-2578,-1575,-2566,-58,-175,80,59,41,-9,30294,30222,30251,30764,31709,31493,31431,12.89270976,12.79347032,12.43604054,12.28528451,12.03278313,7.401723753,8.813219011,7.649595148,7.640068489,7.543728589,5.490986006,3.980251306,4.786445397,4.645216019,4.489054537,1.189781778,2.69164154,3.180520775,3.545426801,2.658421354,-4.147200401,-8.049043452,-6.692033647,-5.686549197,-6.140559788,-2.957418623,-5.357401912,-3.511512872,-2.141122397,-3.482138435
040,4,8,04,Arizona,7158104,7186647,7274022,7370065,7452073,7556424,7623818,28543,87375,96043,82008,104351,67394,18108,75661,79135,78678,78372,78926,18083,80332,79842,70826,69279,71277,25,-4671,-707,7852,9093,7649,249,8016,26676,39747,60743,28219,29864,84233,68315,34804,34303,31107,30113,92249,94991,74551,95046,59326,-1595,-203,1759,-395,212,419,166868,165768,151002,161389,163528,166157,166962,10.46438446,10.80777518,10.61628221,10.443684,10.3985167,11.11041267,10.90433292,9.556785937,9.231970397,9.390759383,-0.646028202,-0.096557744,1.059496275,1.211713605,1.00775732,1.1086624,3.643245223,5.363193893,8.094481413,3.717859043,11.6499451,9.330045636,4.696218589,4.571143933,4.098353636,12.7586075,12.97329086,10.05941248,12.66562535,7.81621268
040,3,7,05,Arkansas,3011530,3014399,3027127,3047429,3069856,3096080,3114791,2869,12728,20302,22427,26224,18711,8518,34950,36160,35330,35272,35414,8462,40142,40393,36406,36294,36638,56,-5192,-4233,-1076,-1022,-1224,95,1348,6017,5592,13244,5470,2524,16218,18583,17825,13919,14475,2619,17566,24600,23417,27163,19945,194,354,-65,86,83,-10,82491,82426,80336,82163,83707,85713,86745,11.56992455,11.90539687,11.55087592,11.44092316,11.40387556,13.2886956,13.29907898,11.90266597,11.7724219,11.79802318,-1.718771052,-1.393682106,-0.351790051,-0.331498738,-0.394147616,0.446244873,1.981050138,1.828262048,4.295860353,1.761427665,5.368842243,6.118307248,5.827748748,4.514805214,4.661181982,5.815087115,8.099357385,7.656010796,8.810665566,6.422609647
040,4,9,06,California,39555703,39527808,39152927,39125347,39181667,39364774,39355309,-27895,-374881,-27580,56320,183107,-9465,103116,412508,424110,410395,400854,398632,74350,344771,318097,303116,289060,288917,28766,67737,106013,107279,111794,109715,1388,44122,214150,292113,312761,109278,-62399,-470759,-344130,-343891,-241611,-229077,-61011,-426637,-129980,-51778,71150,-119799,4350,-15981,-3613,819,163,619,935458,922058,767691,878703,892034,895386,898968,10.48561633,10.83595686,10.48169197,10.20680237,10.12783485,8.763797135,8.127338117,7.741733071,7.360231637,7.340363196,1.721819198,2.708618741,2.739958901,2.846570731,2.787471655,1.121545192,5.471505414,7.460710991,7.963721743,2.776369024,-11.96630916,-8.792477974,-8.783146807,-6.152054681,-5.820039595,-10.84476397,-3.32097256,-1.322435817,1.811667062,-3.043670571
040,4,8,08,Colorado,5775326,5786873,5814368,5853355,5912240,5988502,6012561,11547,27495,38987,58885,76262,24059,15563,62064,62598,62233,62517,65380,11888,46505,49604,45204,44713,44772,3675,15559,12994,17029,17804,20608,239,3917,21473,35920,53313,15356,7201,6200,5425,6008,4995,-12100,7440,10117,26898,41928,58308,3256,432,1819,-905,-72,150,195,128505,126620,116218,124625,127168,129696,130000,10.69954499,10.73011418,10.57881051,10.50640372,10.89570149,8.017245741,8.502772992,7.684099274,7.514321376,7.46133905,2.682299247,2.227341187,2.894711232,2.992082342,3.434362439,0.675272585,3.680752448,6.105938544,8.959609409,2.559106639,1.068851169,0.929915803,1.021282817,0.839443457,-2.016488039,1.744123754,4.610668251,7.12722136,9.799052866,0.5426186
040,1,1,09,Connecticut,3607750,3579643,3607765,3618707,3641369,3674449,3688496,-28107,28122,10942,22662,33080,14047,8460,33924,35611,35082,34584,34700,11936,34598,34903,33014,32883,32417,-3476,-674,708,2068,1701,2283,409,6216,22859,27669,35456,17534,-21208,20664,-11105,-6498,-3827,-5945,-20799,26880,11754,21171,31629,11589,-3832,1916,-1520,-577,-250,175,109801,88243,101847,105585,108738,111828,112481,9.439842569,9.85570829,9.66436164,9.454581839,9.425576315,9.627392796,9.659762053,9.094670634,8.98956207,8.805444017,-0.187550227,0.195946238,0.569691006,0.46501977,0.620132298,1.729691705,6.326461931,7.622234258,9.692969399,4.762768159,5.750056209,-3.073422273,-1.790063906,-1.046226136,-1.614842974,7.479747915,3.253039658,5.832170352,8.646743262,3.147925185
040,3,5,10,Delaware,989950,991890,1005130,1020279,1035354,1050123,1059952,1940,13240,15149,15075,14769,9829,2577,10162,10844,10721,10422,10328,2966,11246,11508,10983,10619,10882,-389,-1084,-664,-262,-197,-554,64,939,3090,5322,6799,3473,2235,13680,12530,9872,8040,6855,2299,14619,15620,15194,14839,10328,30,-295,193,143,127,55,22713,22426,22674,23821,23735,23811,23825,10.17716397,10.70796071,10.43085025,9.994835714,9.789225502,11.26278155,11.36363075,10.68575957,10.18376132,10.31432532,-1.08561757,-0.65567004,-0.254909315,-0.188925603,-0.525099819,0.940401198,3.051235578,5.177967079,6.52033084,3.29182612,13.70041362,12.37280964,9.604827321,7.710466239,6.497399382,14.64081481,15.42404522,14.7827944,14.23079708,9.789225502
040,3,5,11,District of Columbia,689544,670958,669637,674501,682559,691310,693645,-18586,-1321,4864,8058,8751,2335,2189,8504,8495,8055,7747,7336,2002,5810,5567,5050,4920,4820,187,2694,2928,3005,2827,2516,52,1745,7513,7870,6307,3915,-15396,-6258,-5029,-2706,-386,-4128,-15344,-4513,2484,5164,5921,-213,-3429,498,-548,-111,3,32,40695,21794,38600,36877,36611,37268,37232,12.68690395,12.64007118,11.87125109,11.27764001,10.59384601,8.667793032,8.283375665,7.442559651,7.162254917,6.960514963,4.019110917,4.356695518,4.428691436,4.115385091,3.633331047,2.603321659,11.17891169,11.59860286,9.181370276,5.653613294,-9.336152977,-7.482862623,-3.988032954,-0.561916748,-5.961204516,-6.732831317,3.696049066,7.610569909,8.619453529,-0.307591221
040,3,5,12,Florida,21538207,21591325,21836698,22413989,22929248,23265838,23462518,53118,245373,577291,515259,336590,196680,50409,208256,222202,224378,221213,225971,56364,250266,260264,231949,229252,227304,-5955,-42010,-38062,-7571,-8039,-1333,2838,46857,287845,333449,283664,178674,61662,253220,310892,183646,58411,22517,64500,300077,598737,517095,342075,201191,-5427,-12694,16616,5735,2554,-3178,464594,470191,474513,479527,483543,487751,489404,9.590857958,10.04287233,9.89686731,9.577339027,9.671686288,11.52555344,11.76316201,10.23080906,9.925384704,9.72873944,-1.934695485,-1.720289676,-0.333941752,-0.348045677,-0.057053152,2.157915409,13.00974152,14.70777219,12.28113311,7.647348004,11.66159463,14.05139767,8.100259803,2.5288837,0.963740304,13.81951004,27.06113919,22.80803199,14.81001681,8.611088308
040,3,5,13,Georgia,10713861,10732595,10793038,10929992,11063669,11204208,11302748,18734,60443,136954,133677,140539,98540,29838,121375,125747,126265,125708,126446,24705,109407,110519,98375,97476,97815,5133,11968,15228,27890,28232,28631,732,10163,42619,52726,86526,42579,11584,37079,79102,52348,25403,27333,12316,47242,121721,105074,111929,69912,1285,1233,5,713,378,-3,257135,255966,234192,251644,252806,255471,258265,11.27725257,11.57729838,11.48194473,11.29052401,11.23617072,10.16527598,10.17528402,8.945759417,8.75485346,8.691979493,1.111976591,1.40201436,2.536185313,2.535670554,2.544191227,0.94426956,3.923854085,4.794654242,7.771373984,3.78363027,3.44510194,7.282777771,4.760280701,2.281582569,2.428849108,4.3893715,11.20663186,9.554934942,10.05295655,6.212479378
040,4,9,15,Hawaii,1455267,1451130,1446909,1437812,1434950,1434952,1432820,-4137,-4221,-9097,-2862,2,-2132,3825,15525,15726,15245,14737,14631,2858,12239,13490,12979,12704,12607,967,3286,2236,2266,2033,2024,123,2052,4598,6350,6588,4768,-4865,-9849,-15999,-11327,-8486,-8876,-4742,-7797,-11401,-4977,-1898,-4108,-362,290,68,-151,-133,-48,40754,38540,40272,39690,39899,40877,40816,10.71414153,10.90296081,10.61347929,10.2700371,10.20374005,8.44640117,9.352724232,9.035903427,8.853263979,8.79219129,2.267740358,1.550236574,1.577575866,1.416773116,1.411548756,1.416130011,3.18782995,4.420832634,4.591097536,3.325229481,-6.797009978,-11.09223388,-7.885790748,-5.913790784,-6.190171325,-5.380879967,-7.904403927,-3.464958113,-1.322693249,-2.864941843
040,4,8,16,Idaho,1839123,1849328,1904855,1942951,1970497,2000872,2029733,10205,55527,38096,27546,30375,28861,5459,21845,22375,22357,22868,23695,3630,17114,18939,16829,16782,16795,1829,4731,3436,5528,6086,6900,58,699,5908,7179,8154,2148,8812,52350,28019,14713,15975,19915,8870,53049,33927,21892,24129,22063,-494,-2253,733,126,160,-102,49720,49670,50069,50068,50218,50297,50258,11.63768522,11.63000422,11.42572995,11.51643174,11.75754012,9.117296626,9.844051389,8.600599778,8.451493679,8.333736499,2.520388591,1.785952826,2.825130167,3.06493806,3.423803623,0.372384617,3.07084089,3.668887385,4.106392531,1.065844954,27.88889087,14.56362405,7.51920046,8.045084705,9.88189118,28.26127549,17.63446494,11.18808785,12.15147724,10.94773613
040,2,3,17,Illinois,12821741,12795348,12703354,12609577,12633389,12703033,12719141,-26393,-91994,-93777,23812,69644,16108,33452,131839,129746,127000,125470,125129,35327,128445,127075,116926,113529,114226,-1875,3394,2671,10074,11941,10903,507,11432,51733,94146,111121,44752,-25229,-108364,-149904,-79784,-53080,-40017,-24722,-96932,-98171,14362,58041,4735,204,1544,1723,-624,-338,470,284612,283167,287625,282941,290369,294657,296623,10.3408401,10.25136125,10.06220901,9.904318771,9.844083358,10.07463047,10.04032287,9.264046071,8.961723167,8.986328235,0.266209629,0.211038382,0.798162942,0.942595604,0.857755124,0.896673093,4.087476081,7.459186848,8.771641079,3.520705979,-8.4995699,-11.844065,-6.3212857,-4.190015465,-3.148196531,-7.602896806,-7.756588915,1.137901148,4.581625614,0.372509448
040,2,3,18,Indiana,6786605,6790290,6814223,6841491,6881373,6934754,6973333,3685,23933,27268,39882,53381,38579,19425,77620,80451,79708,79448,79648,19147,77873,79703,72091,70277,71087,278,-253,748,7617,9171,8561,342,6065,25501,29749,38414,17852,1635,15069,3966,3077,6024,12197,1977,21134,29467,32826,44438,30049,1430,3052,-2947,-561,-228,-31,179445,179414,176708,176450,176529,179125,181835,11.4109193,11.78275995,11.61681701,11.50076284,11.45348027,11.44811284,11.67320874,10.50669889,10.17318385,10.22239795,-0.03719354,0.109551211,1.110118121,1.327578995,1.231082319,0.891615893,3.734846819,4.335683863,5.560747958,2.567139535,2.215294292,0.58085575,0.448448662,0.87202441,1.753943587,3.106910185,4.31570257,4.784132525,6.432772368,4.321083122
040,2,4,19,Iowa,3190582,3191081,3199037,3201890,3214739,3230454,3238387,499,7956,2853,12849,15715,7933,9091,35845,36774,36415,36280,36470,8032,35466,35685,32987,32751,33521,1059,379,1089,3428,3529,2949,199,3701,9235,13275,12701,5903,-1242,2294,-6301,-3502,-427,-970,-1043,5995,2934,9773,12274,4933,483,1582,-1170,-352,-88,51,98754,98742,98734,100176,100170,100518,100589,11.21888516,11.49021072,11.3501965,11.25800267,11.27559017,11.1002645,11.1499475,10.28172269,10.16292297,10.36383488,0.118620658,0.340263215,1.068473805,1.095079697,0.91175529,1.158351066,2.885519551,4.137686626,3.941231861,1.825056451,0.717983612,-1.968777335,-1.091538875,-0.132501851,-0.299899163,1.876334678,0.916742216,3.046147751,3.80873001,1.525157289
040,2,4,20,Kansas,2937986,2938274,2938966,2938034,2949749,2965252,2977220,288,692,-932,11715,15503,11968,8501,34178,34404,34681,33957,34416,6984,32781,33232,30221,29122,29465,1517,1397,1172,4460,4835,4951,136,2068,6270,12815,15548,7440,-1904,-4610,-7185,-5284,-4775,-519,-1768,-2542,-915,7531,10773,6921,539,1837,-1189,-276,-105,96,86932,86885,86365,86928,86725,86850,86795,11.63062934,11.70801429,11.78066515,11.48165486,11.58305836,11.15523613,11.30917135,10.26566366,9.846828428,9.916748451,0.475393212,0.398842947,1.515001487,1.634826435,1.666309913,0.703731684,2.133741705,4.353081627,5.257141968,2.504008433,-1.568763569,-2.445125064,-1.794903107,-1.614539034,-0.174674782,-0.865031886,-0.311383359,2.55817852,3.642602935,2.329333651
040,3,6,21,Kentucky,4506287,4508271,4508348,4521238,4549953,4584046,4606864,1984,77,12890,28715,34093,22818,12636,51493,52462,52597,52350,52982,12754,58343,61378,54273,53307,53065,-118,-6850,-8916,-1676,-957,-83,119,1756,12538,23457,28210,15709,1029,3010,10343,7154,7013,7269,1148,4766,22881,30611,35223,22978,954,2161,-1075,-220,-173,-77,125354,125273,116085,120801,121147,121191,121132,11.42179791,11.62002333,11.59649268,11.46266821,11.52921746,12.94121444,13.5948647,11.96601417,11.67221499,11.54727878,-1.519416535,-1.974841371,-0.369521488,-0.209546771,-0.018061324,0.389502983,2.777092992,5.17175749,6.176922069,3.418377506,0.667656025,2.290913448,1.57730115,1.535581513,1.581780259,1.057159008,5.06800644,6.749058641,7.712503581,5.000157765
040,3,7,22,Louisiana,4657894,4652145,4628595,4600892,4598777,4614878,4618189,-5749,-23550,-27703,-2115,16101,3311,13562,57077,56554,56694,53942,51886,14807,56899,56822,50219,49783,49112,-1245,178,-268,6475,4159,2774,192,3182,19957,22784,29740,14900,-5162,-27184,-48131,-31283,-17659,-14387,-4970,-24002,-28174,-8499,12081,513,466,274,739,-91,-139,24,124247,124176,123683,123937,123826,124142,124214,12.30009676,12.255069,12.32522605,11.70914257,11.23916896,12.26173775,12.31314373,10.91756671,10.80635209,10.6382852,0.03835901,-0.058074734,1.407659341,0.902790478,0.600883758,0.685721182,4.324617392,4.953221687,6.455635684,3.22752992,-5.858153552,-10.42983212,-6.800896858,-3.833223623,-3.116407582,-5.172432371,-6.105214732,-1.847675172,2.622412061,0.111122339
040,1,1,23,Maine,1363218,1364546,1379009,1391585,1401992,1408438,1414874,1328,14463,12576,10407,6446,6436,2994,11592,12056,11925,11615,11783,3713,16133,17964,17066,16801,16802,-719,-4541,-5908,-5141,-5186,-5019,60,1012,3806,5713,6512,4040,1798,18101,14422,9859,5189,7406,1858,19113,18228,15572,11701,11446,189,-109,256,-24,-69,9,37311,37305,38631,42257,43341,43039,44469,8.450350002,8.702826903,8.537441424,8.265639066,8.346934381,11.76065361,12.96761633,12.21802728,11.95617752,11.90233315,-3.310303602,-4.264789428,-3.680585858,-3.690538459,-3.555398766,0.737728968,2.747425281,4.090096675,4.634166302,2.861887032,13.1952886,10.4107639,7.058334172,3.692673363,5.246320633,13.93301756,13.15818918,11.14843085,8.326839665,8.108207665
040,3,5,24,Maryland,6181640,6178387,6176035,6183257,6204927,6245314,6265347,-3253,-2352,7222,21670,40387,20033,17173,67473,69100,67632,65678,65090,16944,59034,57669,54005,54060,53646,229,8439,11431,13627,11618,11444,500,9033,42021,39681,47375,20503,-5036,-21803,-45953,-31484,-18367,-12127,-4536,-12770,-3932,8197,29008,8376,1054,1979,-277,-154,-239,213,129920,130130,124439,125052,126375,127446,128222,10.92289061,11.18187029,10.91879165,10.5504785,10.40552534,9.556740089,9.332087955,8.718792036,8.684169246,8.576045662,1.366150517,1.849782334,2.199999613,1.866309255,1.829479673,1.462310418,6.799904072,6.406265842,7.610294451,3.277684528,-3.52958641,-7.436186474,-5.082908036,-2.950464975,-1.93866655,-2.067275992,-0.636282402,1.323357806,4.659829476,1.339017978
040,1,1,25,Massachusetts,7033112,6985320,6996721,7025465,7073479,7138560,7154084,-47792,11401,28744,48014,65081,15524,17109,66440,68943,68137,67857,68055,22152,61619,63685,61772,61060,59636,-5043,4821,5258,6365,6797,8419,908,16475,73597,77588,77957,40240,-36863,-9433,-47954,-35360,-19195,-33340,-35955,7042,25643,42228,58762,6900,-6794,-462,-2157,-579,-478,205,248709,210351,240140,251830,257890,268188,268843,9.503619679,9.833416844,9.665546583,9.549227947,9.523080544,8.814020786,9.08346245,8.762642082,8.592714951,8.344992011,0.689598893,0.749954394,0.902904501,0.956512996,1.178088533,2.356594434,10.49722205,11.00621437,10.97055813,5.630868578,-1.349302294,-6.839732407,-5.015978502,-2.701230977,-4.665336938,1.00729214,3.657489638,5.990235865,8.269327153,0.96553164
040,2,3,26,Michigan,10079362,10072294,10042362,10043906,10062124,10099962,10127884,-7068,-29932,1544,18218,37838,27922,26565,102703,104377,100955,99603,99680,31059,115213,117925,106173,103436,104678,-4494,-12510,-13548,-5218,-3833,-4998,409,7044,26316,41616,50486,30706,-4896,-28290,-9107,-17137,-8065,1796,-4487,-21246,17209,24479,42421,32502,1913,3824,-2117,-1043,-750,418,223758,223635,197028,215344,218020,219011,219043,10.21175803,10.39287139,10.04226095,9.880227671,9.855720673,11.45562718,11.74185269,10.56130922,10.26044627,10.34989094,-1.243869147,-1.348981304,-0.519048266,-0.380218594,-0.494170264,0.700384834,2.620297608,4.139653626,5.008013556,3.036012831,-2.812874354,-0.906788658,-1.704662731,-0.800016427,0.17757699,-2.11248952,1.713508951,2.434990896,4.207997129,3.213589821
040,2,4,27,Minnesota,5706733,5710562,5714055,5727565,5752998,5797405,5830405,3829,3493,13510,25433,44407,33000,16435,62936,64525,62997,61344,62576,12761,51365,53415,49962,49730,50505,3674,11571,11110,13035,11614,12071,295,5523,20302,24846,33360,12486,-1445,-14970,-17106,-11777,-204,8300,-1150,-9447,3196,13069,33156,20786,1305,1369,-796,-671,-363,143,138575,138609,133187,140251,141192,142780,142689,11.01761223,11.27899721,10.9745489,10.62196704,10.76316177,8.99198634,9.336964521,8.703754337,8.61095496,8.686932449,2.025625892,1.942032684,2.27079456,2.011012083,2.076229316,0.966859546,3.54879816,4.328359158,5.776421827,2.147609911,-2.62065678,-2.990136012,-2.051641544,-0.035323443,1.427611906,-1.653797235,0.558662148,2.276717614,5.741098384,3.575221817
040,3,6,28,Mississippi,2961264,2958385,2947603,2941237,2942470,2950172,2954160,-2879,-10782,-6366,1233,7702,3988,8509,35080,34994,35099,33926,33168,9674,41695,40681,35712,35909,35775,-1165,-6615,-5687,-613,-1983,-2607,61,633,5945,5371,14743,7451,-2102,-5392,-6015,-3356,-5106,-917,-2041,-4759,-70,2015,9637,6534,327,592,-609,-169,48,61,93662,93572,90196,90825,90721,87448,87499,11.87946877,11.88485338,11.93091362,11.51469918,11.23514057,14.11956814,13.81630338,12.13928566,12.18774193,12.11822099,-2.24009937,-1.931449997,-0.208372035,-0.673042754,-0.883080423,0.214358715,2.019073366,1.825719738,5.003867535,2.523909563,-1.825943432,-2.042847148,-1.140777404,-1.733008725,-0.310619389,-1.611584717,-0.023773782,0.684942333,3.27085881,2.213290174
040,2,4,29,Missouri,6154913,6155074,6172551,6179285,6205956,6243544,6270541,161,17477,6734,26671,37588,26997,17212,68744,68867,68355,67693,68377,16738,75371,75703,68565,66472,68200,474,-6627,-6836,-210,1221,177,271,3860,11263,17573,24076,12665,-783,17735,3624,9682,12385,14028,-512,21595,14887,27255,36461,26693,199,2509,-1317,-374,-94,127,168991,165294,164830,163723,162928,163748,164317,11.15283763,11.15089287,11.03813806,10.87481425,10.92800632,12.2279839,12.25777285,11.07204939,10.67866179,10.8997182,-1.075146267,-1.106879981,-0.03391133,0.196152456,0.028288125,0.626235792,1.823696493,2.837732427,3.867785855,2.024119223,2.877277659,0.586795356,1.563473815,1.989638138,2.241953767,3.503513451,2.410491849,4.401206242,5.857423993,4.266072989
040,4,8,30,Montana,1084221,1087156,1106416,1121533,1130612,1137557,1144694,2935,19260,15117,9079,6945,7137,2824,10851,11210,11027,11294,11348,2535,12271,12991,11433,11517,11438,289,-1420,-1781,-406,-223,-90,42,712,798,412,1929,899,2715,20693,15474,9017,5263,6348,2757,21405,16272,9429,7192,7247,-111,-725,626,56,-24,-20,29285,29261,29271,29239,29265,29332,29282,9.893452323,10.06306697,9.792442316,9.958693554,9.944567885,11.18814427,11.66184684,10.15298749,10.15532793,10.02343739,-1.294691945,-1.598779864,-0.360545169,-0.196634378,-0.078869502,0.649169483,0.71635392,0.365873423,1.700931456,0.787818693,18.86694396,13.89080271,8.007477316,4.640747669,5.56292888,19.51611344,14.60715663,8.373350739,6.341679125,6.350747573
040,2,4,31,Nebraska,1961980,1963318,1964697,1972595,1988172,2005591,2018006,1338,1379,7898,15577,17419,12415,6056,24399,24223,24579,24446,24396,4464,19547,19432,18435,18438,18260,1592,4852,4791,6144,6008,6136,97,1581,8356,10738,13082,6599,-762,-5817,-4533,-1074,-1540,-366,-665,-4236,3823,9664,11542,6233,411,763,-716,-231,-131,46,49964,49965,46334,46832,47451,47912,47651,12.42306865,12.30439602,12.41123247,12.24208848,12.12646296,9.952609651,9.870743648,9.308803068,9.233397175,9.076455719,2.470458998,2.433652368,3.102429403,3.008691302,3.050007245,0.804986743,4.24454168,5.422182118,6.551214982,3.280149578,-2.961801317,-2.302597826,-0.542319202,-0.771202497,-0.181926769,-2.156814574,1.941943854,4.879862915,5.780012485,3.098222809
040,4,8,32,Nevada,3105593,3116851,3148472,3177672,3211077,3253543,3282188,11258,31621,29200,33405,42466,28645,8153,33340,33523,32747,31894,32511,6990,32360,33461,29391,29163,29460,1163,980,62,3356,2731,3051,137,3613,9198,22304,23171,10551,10328,26050,20116,8165,16473,14914,10465,29663,29314,30469,39644,25465,-370,978,-176,-420,91,129,37936,37590,36207,35701,36020,36254,36237,10.64270749,10.5982412,10.25145925,9.867246644,9.948695869,10.32987445,10.57864001,9.200862328,9.02234006,9.015058912,0.312833034,0.019601198,1.050596917,0.844906584,0.933636957,1.153332398,2.907932542,6.982274621,7.168557471,3.228713054,8.315612779,6.359640249,2.556055967,5.096355238,4.563835323,9.468945177,9.26757279,9.538330587,12.26491271,7.792548378
040,1,1,33,New Hampshire,1377573,1378752,1387907,1396647,1401530,1408518,1415342,1179,9155,8740,4883,6988,6824,2993,12067,12328,12098,11794,11911,3492,13729,14712,14334,14214,14078,-499,-1662,-2384,-2236,-2420,-2167,88,1542,1395,2847,4028,2403,1285,8626,9899,4458,5425,6554,1373,10168,11294,7305,9453,8957,305,649,-170,-186,-45,34,42766,42774,37227,41539,41990,42727,42669,8.723156703,8.854559833,8.647058424,8.394162662,8.435970622,9.924605815,10.56686277,10.24524181,10.11655317,9.970749258,-1.201449112,-1.71230294,-1.598183389,-1.722390507,-1.534778636,1.114701884,1.001955789,2.034896291,2.866854943,1.701925733,6.23567993,7.109935738,3.186360262,3.861144009,4.641873181,7.350381814,8.111891527,5.221256554,6.727998952,6.343798914
040,1,2,34,New Jersey,9289024,9270476,9266509,9298402,9395315,9506354,9548215,-18548,-3967,31893,96913,111039,41861,24693,97972,102595,102445,101187,100999,34022,84115,82755,77211,75593,74976,-9329,13857,19840,25234,25594,26023,903,14747,76031,114014,121069,53064,-11063,-34314,-62174,-41714,-35501,-37428,-10160,-19567,13857,72300,85568,15636,941,1743,-1804,-621,-123,202,180393,178537,165010,168185,173660,174621,175831,10.57043527,11.05257117,10.96036706,10.70667358,10.60102698,9.075370132,8.91520568,8.260636448,7.998552932,7.869608596,1.495065136,2.137365485,2.69973061,2.708120643,2.731418381,1.591089382,8.190828386,12.19810913,12.81040315,5.569687774,-3.702220183,-6.69801218,-4.462889858,-3.756387862,-3.928506596,-2.111130801,1.492816206,7.735219272,9.054015283,1.641181178
040,4,8,35,New Mexico,2117492,2118446,2117300,2112859,2119349,2126774,2125498,954,-1146,-4441,6490,7425,-1276,5331,21417,21427,21582,20942,20235,5559,24722,25472,22367,22167,22120,-228,-3305,-4045,-785,-1225,-1885,159,2260,4826,9044,10577,2879,718,-978,-4615,-1524,-1874,-2267,877,1282,211,7520,8703,612,305,877,-607,-245,-53,-3,42834,42800,42878,42997,43093,43139,43078,10.11250439,10.13058847,10.19893162,9.864057165,9.517265123,11.67303233,12.04304614,10.56989638,10.44105411,10.40384999,-1.560527945,-1.912457664,-0.370964754,-0.576996945,-0.886584866,1.067108368,2.281710924,4.27389202,4.981956481,1.354099644,-0.461784064,-2.18195108,-0.720191446,-0.882687572,-1.066253523,0.605324304,0.099759844,3.553700574,4.09926891,0.287846121
040,1,2,36,New York,20203696,20122262,19835345,19713025,19786543,20001419,20002427,-81434,-286917,-122320,73518,214876,1008,53088,205539,209944,205879,205405,203078,72825,177237,176586,166689,161811,160263,-19737,28302,33358,39190,43594,42815,1341,28772,121570,211383,290637,95634,-60244,-326190,-284910,-177852,-119231,-137586,-58903,-297418,-163340,33531,171406,-41952,-2794,-17801,7662,797,-124,145,611265,593360,586828,607715,659422,682207,663508,10.28785332,10.61707474,10.42436717,10.32498221,10.1529238,8.871251975,8.930127841,8.440041673,8.133666158,8.01237961,1.41660135,1.686946896,1.9843255,2.191316057,2.140544187,1.440126282,6.147914566,10.70305377,14.60929313,4.781240284,-16.32680355,-14.40817915,-9.005263045,-5.993320291,-6.878638619,-14.88667727,-8.260264582,1.69779072,8.615972841,-2.097398335
040,3,5,37,North Carolina,10441392,10450215,10565503,10705768,10871849,11052061,11197968,8823,115288,140265,166081,180212,145907,28679,116720,121548,121274,121444,123046,25884,115540,118289,108957,107905,107917,2795,1180,3259,12317,13539,15129,680,9926,37814,53771,82899,46890,8788,103627,98454,98929,83059,84064,9468,113553,136268,152700,165958,130954,-3440,555,738,1064,715,-176,287470,270402,276647,279730,286055,289558,289323,11.1078765,11.4283721,11.24072227,11.07868077,11.06030019,10.99557959,11.12194941,10.09907628,9.843590856,9.700391851,0.112296901,0.306422686,1.141645994,1.235089909,1.35990834,0.944626303,3.555405787,4.983960926,7.562428417,4.214825967,9.86185673,9.256992683,9.169594585,7.577024354,7.556304758,10.80648303,12.81239847,14.15355551,15.13945277,11.77113073
040,2,4,38,North Dakota,779136,779612,777977,780191,787071,793387,799358,476,-1635,2214,6880,6316,5971,2560,10010,9761,9729,9583,9760,1768,7831,7368,6936,6905,7130,792,2179,2393,2793,2678,2630,30,453,2554,3158,4083,2810,-447,-3878,-2744,930,-423,512,-417,-3425,-190,4088,3660,3322,101,-389,11,-1,-22,19,26239,26223,27821,28855,30056,30884,30876,12.85319812,12.52881589,12.41528219,12.12686449,12.25557136,10.05528416,9.457260064,8.851104665,8.737973423,8.953096698,2.797913956,3.071555827,3.564177527,3.388891068,3.302474659,0.581668206,3.278208768,4.029957978,5.166856696,3.52849954,-4.979490739,-3.52208491,1.186783065,-0.535287872,0.642915219,-4.397822532,-0.243876142,5.216741043,4.631568824,4.171414759
040,2,3,39,Ohio,11799445,11798534,11761443,11764950,11808390,11860621,11900510,-911,-37091,3507,43440,52231,39889,32332,128188,128825,128738,126625,126825,33790,146978,149201,131764,127985,127554,-1458,-18790,-20376,-3026,-1360,-729,518,9281,35678,47116,55855,28505,-2750,-32482,-6882,1045,-1339,11926,-2232,-23201,28796,48161,54516,40431,2779,4900,-4913,-1695,-925,187,299634,299586,263469,280558,290476,292229,294510,10.88184424,10.95153005,10.92233854,10.69964436,10.67499691,12.4769222,12.68371229,11.17906924,10.81456255,10.73635763,-1.595077958,-1.732182235,-0.256730697,-0.114918194,-0.061360716,0.78786155,3.033019129,3.99739706,4.719673332,2.399296566,-2.757388091,-0.58504506,0.088659477,-0.113143722,1.003824271,-1.969526541,2.447974069,4.086056537,4.60652961,3.403120836
040,3,7,40,Oklahoma,3959354,3965243,3992760,4025327,4062716,4097758,4123288,5889,27517,32567,37389,35042,25530,11614,47619,48353,48864,47829,48603,10355,50871,51596,45126,44917,46044,1259,-3252,-3243,3738,2912,2559,178,2179,11013,11204,18700,8420,3848,26921,25770,22671,13542,14492,4026,29100,36783,33875,32242,22912,604,1669,-973,-224,-112,59,117288,117223,117465,117195,117261,117257,117198,11.96757528,12.06098163,12.08302181,11.7221132,11.82404283,12.78486575,12.86990276,11.15869438,11.00842917,11.20149431,-0.817290468,-0.80892113,0.92432743,0.713684034,0.622548518,0.547624825,2.747039288,2.770509504,4.583067111,2.04840114,6.765767744,6.42796717,5.606053281,3.318924857,3.52558543,7.313392569,9.175006457,8.376562785,7.901991968,5.573986571
040,4,9,41,Oregon,4237282,4243544,4254691,4245964,4250392,4265324,4273586,6262,11147,-8727,4428,14932,8262,10277,39632,40461,38822,38840,38334,9543,41866,46314,43482,42526,42098,734,-2234,-5853,-4660,-3686,-3764,177,2610,6900,16833,20580,9636,5484,9670,-8946,-7370,-1736,2228,5661,12280,-2046,9463,18844,11864,-133,1101,-828,-375,-226,162,96917,95436,94281,103592,103344,104966,105802,9.327113218,9.519501733,9.138505967,9.121957567,8.978663553,9.852869449,10.89657209,10.23544682,9.987651068,9.860274906,-0.525756231,-1.377070355,-1.096940853,-0.865693501,-0.881611353,0.614245193,1.623404314,3.962404589,4.833416239,2.25696254,2.275766674,-2.104778985,-1.734861392,-0.407716744,0.521846465,2.890011867,-0.481374671,2.227543196,4.425699495,2.778809005
040,1,2,42,Pennsylvania,13002753,12995576,13016628,12984655,13009406,13045848,13059432,-7177,21052,-31973,24751,36442,13584,32886,130148,131590,129053,127537,126981,40353,155831,155234,141231,137190,137689,-7467,-25683,-23644,-12178,-9653,-10708,626,10199,37147,63364,58464,26921,-3544,28598,-40586,-24570,-11252,-2936,-2918,38797,-3439,38794,47212,23985,3208,7938,-4890,-1865,-1117,307,404182,404259,431266,432673,436442,438438,437653,10.00668763,10.12180822,9.929421955,9.789733771,9.728376788,11.98137613,11.94048771,10.86640522,10.53069757,10.54874723,-1.974688496,-1.818679486,-0.936983259,-0.740963799,-0.820370438,0.784170384,2.857320541,4.87526747,4.48769373,2.062494637,2.198814064,-3.121845949,-1.890431818,-0.86370296,-0.224935339,2.982984448,-0.264525408,2.984835652,3.62399077,1.837559298
040,1,1,44,Rhode Island,1097357,1096487,1097381,1098275,1101183,1110415,1114521,-870,894,894,2908,9232,4106,2544,10025,10449,10049,9908,10021,3379,11305,11068,10543,10299,10325,-835,-1280,-619,-494,-391,-304,77,1070,6948,6846,10063,5923,-394,405,-4992,-3254,-364,-1551,-317,1475,1956,3592,9699,4372,282,699,-443,-190,-76,38,45739,45794,44893,44545,44067,44041,44018,9.139109554,9.517884405,9.137705744,8.960037041,9.007899553,10.30599836,10.08172501,9.58690732,9.313627522,9.28116584,-1.166888801,-0.563840602,-0.449201576,-0.353590481,-0.273266287,0.975446107,6.328860259,6.225170019,9.100207181,5.324198089,0.36921091,-4.547160393,-2.958910786,-0.329173747,-1.394197406,1.344657017,1.781699866,3.266259233,8.771033434,3.930000683
040,3,5,45,South Carolina,5118250,5131992,5194346,5288957,5390798,5490316,5570274,13742,62354,94611,101841,99518,79958,13527,55879,57655,58198,58035,59681,14085,65049,64806,59063,58560,59117,-558,-9170,-7151,-865,-525,564,337,4026,15365,21668,32760,12930,14790,68406,83341,79536,66367,66622,15127,72432,98706,101204,99127,79552,-827,-908,3056,1502,916,-158,138433,136508,135263,140130,140384,140645,140698,10.82261689,10.9993959,10.89875189,10.66710633,10.79164855,12.59865792,12.36366058,11.06074063,10.7636038,10.68966484,-1.776041032,-1.364264679,-0.161988735,-0.096497473,0.10198371,0.779753675,2.931328037,4.057770988,6.02144229,2.338030792,13.24884001,15.89975984,14.89472371,12.19856717,12.0467353,14.02859368,18.83108787,18.9524947,18.22000946,14.38476609
040,2,4,46,South Dakota,886656,887808,896303,909156,917739,927110,935094,1152,8495,12853,8583,9371,7984,2841,11064,11244,11183,11309,11299,2054,9872,9282,8586,8687,8694,787,1192,1962,2597,2622,2605,64,1100,2380,1361,4754,3183,298,6178,8168,4514,1930,2169,362,7278,10548,5875,6684,5352,3,25,343,111,65,27,32137,32109,31997,32129,32216,32235,32194,12.40281574,12.45555839,12.24263026,12.26008199,12.13508295,11.06657602,10.28214986,9.399554983,9.417572929,9.337322871,1.33623973,2.173408535,2.843075273,2.842509062,2.797760074,1.233107133,2.636448682,1.48995974,5.153809336,3.418529871,6.925578061,9.048114635,4.941718052,2.092312162,2.329497735,8.158685194,11.68456332,6.431677792,7.246121498,5.748027606
040,3,6,47,Tennessee,6912319,6927736,6966687,7063325,7153029,7251291,7315076,15417,38951,96638,89704,98262,63785,19280,79603,82228,83201,83396,84408,18918,89394,91620,81142,80107,80811,362,-9791,-9392,2059,3289,3597,208,3111,20127,26129,47976,17990,14728,46401,82316,60397,46496,42389,14936,49512,102443,86526,94472,60379,119,-770,3587,1119,501,-191,158024,157971,136771,146250,149197,151295,153490,11.45826639,11.72172911,11.70497021,11.57930399,11.5894375,12.86760882,13.06057329,11.41530381,11.12263543,11.09556007,-1.409342439,-1.338844186,0.289666394,0.456668555,0.493877437,0.447805569,2.869135108,3.675907339,6.661334933,2.470073698,6.679082679,11.73427364,8.496833998,6.455841026,5.820119732,7.126888249,14.60340875,12.17274134,13.11717596,8.29019343
040,3,7,48,Texas,29149498,29237895,29572672,30118002,30719247,31318578,31709821,88397,334777,545330,601245,599331,391243,88105,364360,383791,390308,387626,390203,55689,269979,260655,231625,230260,232492,32416,94381,123136,158683,157366,157711,1955,43481,198371,251690,354864,167475,52502,199360,218840,188667,86067,67299,54457,242841,417211,440357,440931,234774,1524,-2445,4983,2205,1034,-1242,610003,609940,613038,610002,624449,632216,632356,12.39097049,12.85932875,12.83121793,12.49644068,12.38181538,9.181309203,8.733525107,7.614578365,7.423213177,7.377372857,3.209661284,4.125803639,5.216639562,5.073227503,5.004442521,1.478679843,6.64663294,8.274207139,11.44024633,5.314271111,6.779733989,7.33246872,6.202351457,2.774662071,2.135513548,8.258413832,13.97910166,14.4765586,14.21490841,7.44978466
040,4,8,49,Utah,3271601,3283970,3339874,3393928,3449259,3502983,3538904,12369,55904,54054,55331,53724,35921,11868,45687,46261,45440,45668,46948,4967,22007,23362,21147,21529,21987,6901,23680,22899,24293,24139,24961,119,2056,18314,30456,26691,7501,4652,30249,13235,547,2867,3343,4771,32305,31549,31003,29558,10844,697,-81,-394,35,27,116,55440,55415,50861,53510,55486,56977,56618,13.79470893,13.73993474,13.28036191,13.13763244,13.33392598,6.644782093,6.938724958,6.18045364,6.193397756,6.244633008,7.14992684,6.801209777,7.099908274,6.94423468,7.089292969,0.620787567,5.439423375,8.901115811,7.678386339,2.130394879,9.133367271,3.930914512,0.159867033,0.824769909,0.949461416,9.754154838,9.370337886,9.060982843,8.503156248,3.079856294
040,1,1,50,Vermont,643077,642965,647238,647614,647722,646521,644663,-112,4273,376,108,-1201,-1858,1303,5156,5409,5089,5039,4979,1555,6435,7202,6833,6871,6748,-252,-1279,-1793,-1744,-1832,-1769,21,415,1401,1185,1249,623,-52,4838,1111,782,-568,-726,-31,5253,2512,1967,681,-103,171,299,-343,-115,-50,14,24883,24894,24822,24921,24971,24983,24958,7.992540709,8.354622768,7.857420777,7.786791198,7.712301268,9.975174449,11.12405124,10.55015841,10.6177897,10.45242196,-1.982633741,-2.769428475,-2.692737637,-2.830998506,-2.740120695,0.643309619,2.163953873,1.829641112,1.930085772,0.965005762,7.499595025,1.716026233,1.207408734,-0.877733161,-1.124549251,8.142904644,3.879980106,3.037049847,1.052352611,-0.159543489
040,3,5,51,Virginia,8631419,8637303,8660007,8681038,8732034,8819642,8880107,5884,22704,21031,50996,87608,60465,23617,94434,95761,94600,93837,92070,19727,83773,86290,79649,78487,78253,3890,10661,9471,14951,15350,13817,756,14313,38044,44282,69854,40436,-26,-3666,-26089,-8117,2461,6268,730,10647,11955,36165,72315,46704,1264,1396,-395,-120,-57,-56,236676,236570,235765,235952,237454,235715,235709,10.91892323,11.04443244,10.86540043,10.69265408,10.40353736,9.686246012,9.952110729,9.148184766,8.94353337,8.842272283,1.23267722,1.092321714,1.717215664,1.749120711,1.561265078,1.65493941,4.387740185,5.086064079,7.95980965,4.569104342,-0.423880939,-3.008930546,-0.932288111,0.28042906,0.708258631,1.231058471,1.378809639,4.153775968,8.24023871,5.277362973
040,4,9,53,Washington,7707519,7726812,7744316,7786828,7838655,7927958,8001020,19293,17504,42512,51827,89303,73062,21080,82557,83955,82165,82149,83368,15110,64741,70619,67733,65455,66138,5970,17816,13336,14432,16694,17230,669,13990,35528,55706,71161,46202,11879,-14999,-3314,-17511,1728,9238,12548,-1009,32214,38195,72889,55440,775,697,-3038,-800,-280,392,162468,162476,141213,156225,155893,156113,156821,10.6723957,10.81118043,10.51679491,10.42062744,10.46746376,8.369266934,9.093856834,8.669556007,8.302988093,8.30411091,2.30312877,1.717323592,1.847238898,2.117639343,2.163352853,1.808530057,4.57506543,7.130147593,9.026796053,5.800999914,-1.938966571,-0.426755428,-2.241338716,0.219197363,1.159898645,-0.130436514,4.148310002,4.888808877,9.245993417,6.960898559
040,3,5,54,West Virginia,1793759,1791670,1785921,1774003,1770036,1767402,1766147,-2089,-5749,-11918,-3967,-2634,-1255,4318,17133,17115,16983,16818,16954,5860,27581,29938,25805,24758,24841,-1542,-10448,-12823,-8822,-7940,-7887,36,727,1272,1750,1109,244,-796,3028,253,3348,4312,6408,-760,3755,1525,5098,5421,6652,213,944,-620,-243,-115,-20,52050,52028,51917,52032,52120,52086,52060,9.577953433,9.615373811,9.583980312,9.508576546,9.596018054,15.41875525,16.81946019,14.56248083,13.99770116,14.0600852,-5.840801813,-7.204086379,-4.978500519,-4.489124615,-4.464067146,0.406418733,0.714621998,0.987573782,0.627007456,0.138104778,1.692759178,0.142137866,1.889369728,2.437922587,3.626948431,2.099177911,0.856759863,2.87694351,3.064930043,3.765053209
040,2,3,55,Wisconsin,5894323,5897371,5882128,5903472,5930350,5957168,5972787,3048,-15243,21344,26878,26818,15619,15536,59947,60704,60074,59434,59167,14146,61969,63557,58672,57490,58006,1390,-2022,-2853,1402,1944,1161,214,3189,19050,18553,19395,7260,67,-18299,7343,7744,5828,6984,281,-15110,26393,26297,25223,14244,1377,1889,-2196,-821,-349,214,151811,151774,126301,137997,141218,144740,144657,10.17819179,10.30138474,10.15293284,9.999396005,9.919065076,10.52150011,10.78553489,9.915984878,9.672330254,9.724428969,-0.343308319,-0.484150149,0.236947962,0.327065751,0.194636107,0.541449174,3.232758621,3.135588823,3.263086542,1.21710434,-3.106923308,1.246096932,1.308791023,0.980524278,1.170834257,-2.565474134,4.478855553,4.444379846,4.243610819,2.387938597
040,4,8,56,Wyoming,576872,577669,579662,581742,584666,586722,588753,797,1993,2080,2924,2056,2031,1585,6131,6121,6065,6036,6070,1304,6185,6748,5701,5759,5775,281,-54,-627,364,277,295,17,134,433,816,1010,258,429,1880,2354,1776,771,1474,446,2014,2787,2592,1781,1732,70,33,-80,-32,-2,4,13293,13289,13495,13891,13820,13818,13807,10.59506744,10.54069041,10.39944856,10.30572278,10.32773985,10.6883856,11.62041805,9.775310183,9.832779574,9.825815096,-0.09331816,-1.07972764,0.62413838,0.472943209,0.501924754,0.231567287,0.745649231,1.399167358,1.724449969,0.43897148,3.248854476,4.053714298,3.045246603,1.316387055,2.507922329,3.480421764,4.799363529,4.444413962,3.040837024,2.946893809
040,X,X,72,Puerto Rico,3285874,3281591,3262731,3220148,3203794,3202521,3184835,-4283,-18860,-42583,-16354,-1273,-17686,4545,18794,19704,18886,18291,17950,7300,33337,34146,35186,33989,32857,-2755,-14543,-14442,-16300,-15698,-14907,-1528,-4317,-28141,-54,14425,-2779,0,0,0,0,0,0,-1528,-4317,-28141,-54,14425,-2779,0,0,0,0,0,0,37599,37696,35258,37481,37551,37996,36494,5.743604914,6.078780739,5.879878741,5.710303037,5.620478959,10.18806837,10.53420864,10.95464436,10.61109234,10.288138,-4.44446346,-4.455427905,-5.074765619,-4.900789299,-4.667659044,-1.319311611,-8.681636662,-0.016812107,4.503368941,-0.870156603,0,0,0,0,0,-1.319311611,-8.681636662,-0.016812107,4.503368941,-0.870156603