The Pew Charitable Trusts,,,,,,,,,,,,,,,,,,,,,,,,,,,,,,,,,,,,,,,,,,,,,,,,,,,,,,,,,,,,,,,,,,,,,,,,,,,,,,,,,,,,,,,,,,,,,,,,,,,,,,,,,,,,,,,,,,,,,,,,,,,,,,,,,,,,,,,,,,,,,,,,,,,,,,,,,,,,
Read more about our sources and methodology: https://www.pew.org/en/research-and-analysis/data-visualizations/2014/fiscal-50/reserves-and-balances,,,,,,,,,,,,,,,,,,,,,,,,,,,,,,,,,,,,,,,,,,,,,,,,,,,,,,,,,,,,,,,,,,,,,,,,,,,,,,,,,,,,,,,,,,,,,,,,,,,,,,,,,,,,,,,,,,,,,,,,,,,,,,,,,,,,,,,,,,,,,,,,,,,,,,,,,,,,
Reserves and Balances: Reserves and Balances Data ,,,,,,,,,,,,,,,,,,,,,,,,,,,,,,,,,,,,,,,,,,,,,,,,,,,,,,,,,,,,,,,,,,,,,,,,,,,,,,,,,,,,,,,,,,,,,,,,,,,,,,,,,,,,,,,,,,,,,,,,,,,,,,,,,,,,,,,,,,,,,,,,,,,,,,,,,,,,
,,,,,,,,,,,,,,,,,,,,,,,,,,,,,,,,,,,,,,,,,,,,,,,,,,,,,,,,,,,,,,,,,,,,,,,,,,,,,,,,,,,,,,,,,,,,,,,,,,,,,,,,,,,,,,,,,,,,,,,,,,,,,,,,,,,,,,,,,,,,,,,,,,,,,,,,,,,,
State/Region,Total balances: days 2000,Total balances: days 2001,Total balances: days 2002,Total balances: days 2003,Total balances: days 2004,Total balances: days 2005,Total balances: days 2006,Total balances: days 2007,Total balances: days 2008,Total balances: days 2009,Total balances: days 2010,Total balances: days 2011,Total balances: days 2012,Total balances: days 2013,Total balances: days 2014,Total balances: days 2015,Total balances: days 2016,Total balances: days 2017,Total balances: days 2018,Total balances: days 2019,Total balances: days 2020,Total balances: days 2021,Total balances: days 2022,Total balances: days 2023,Total balances: days 2024,Total balances: days 2025,Total balances: balances 2000,Total balances: balances 2001,Total balances: balances 2002,Total balances: balances 2003,Total balances: balances 2004,Total balances: balances 2005,Total balances: balances 2006,Total balances: balances 2007,Total balances: balances 2008,Total balances: balances 2009,Total balances: balances 2010,Total balances: balances 2011,Total balances: balances 2012,Total balances: balances 2013,Total balances: balances 2014,Total balances: balances 2015,Total balances: balances 2016,Total balances: balances 2017,Total balances: balances 2018,Total balances: balances 2019,Total balances: balances 2020,Total balances: balances 2021,Total balances: balances 2022,Total balances: balances 2023,Total balances: balances 2024,Total balances: balances 2025,Total balances: % of state spending 2000,Total balances: % of state spending 2001,Total balances: % of state spending 2002,Total balances: % of state spending 2003,Total balances: % of state spending 2004,Total balances: % of state spending 2005,Total balances: % of state spending 2006,Total balances: % of state spending 2007,Total balances: % of state spending 2008,Total balances: % of state spending 2009,Total balances: % of state spending 2010,Total balances: % of state spending 2011,Total balances: % of state spending 2012,Total balances: % of state spending 2013,Total balances: % of state spending 2014,Total balances: % of state spending 2015,Total balances: % of state spending 2016,Total balances: % of state spending 2017,Total balances: % of state spending 2018,Total balances: % of state spending 2019,Total balances: % of state spending 2020,Total balances: % of state spending 2021,Total balances: % of state spending 2022,Total balances: % of state spending 2023,Total balances: % of state spending 2024,Total balances: % of state spending 2025,Rainy day funds: days 2000,Rainy day funds: days 2001,Rainy day funds: days 2002,Rainy day funds: days 2003,Rainy day funds: days 2004,Rainy day funds: days 2005,Rainy day funds: days 2006,Rainy day funds: days 2007,Rainy day funds: days 2008,Rainy day funds: days 2009,Rainy day funds: days 2010,Rainy day funds: days 2011,Rainy day funds: days 2012,Rainy day funds: days 2013,Rainy day funds: days 2014,Rainy day funds: days 2015,Rainy day funds: days 2016,Rainy day funds: days 2017,Rainy day funds: days 2018,Rainy day funds: days 2019,Rainy day funds: days 2020,Rainy day funds: days 2021,Rainy day funds: days 2022,Rainy day funds: days 2023,Rainy day funds: days 2024,Rainy day funds: days 2025,Rainy day funds: balances 2000,Rainy day funds: balances 2001,Rainy day funds: balances 2002,Rainy day funds: balances 2003,Rainy day funds: balances 2004,Rainy day funds: balances 2005,Rainy day funds: balances 2006,Rainy day funds: balances 2007,Rainy day funds: balances 2008,Rainy day funds: balances 2009,Rainy day funds: balances 2010,Rainy day funds: balances 2011,Rainy day funds: balances 2012,Rainy day funds: balances 2013,Rainy day funds: balances 2014,Rainy day funds: balances 2015,Rainy day funds: balances 2016,Rainy day funds: balances 2017,Rainy day funds: balances 2018,Rainy day funds: balances 2019,Rainy day funds: balances 2020,Rainy day funds: balances 2021,Rainy day funds: balances 2022,Rainy day funds: balances 2023,Rainy day funds: balances 2024,Rainy day funds: balances 2025,Rainy day funds: % of state spending 2000,Rainy day funds: % of state spending 2001,Rainy day funds: % of state spending 2002,Rainy day funds: % of state spending 2003,Rainy day funds: % of state spending 2004,Rainy day funds: % of state spending 2005,Rainy day funds: % of state spending 2006,Rainy day funds: % of state spending 2007,Rainy day funds: % of state spending 2008,Rainy day funds: % of state spending 2009,Rainy day funds: % of state spending 2010,Rainy day funds: % of state spending 2011,Rainy day funds: % of state spending 2012,Rainy day funds: % of state spending 2013,Rainy day funds: % of state spending 2014,Rainy day funds: % of state spending 2015,Rainy day funds: % of state spending 2016,Rainy day funds: % of state spending 2017,Rainy day funds: % of state spending 2018,Rainy day funds: % of state spending 2019,Rainy day funds: % of state spending 2020,Rainy day funds: % of state spending 2021,Rainy day funds: % of state spending 2022,Rainy day funds: % of state spending 2023,Rainy day funds: % of state spending 2024,Rainy day funds: % of state spending 2025
Alabama,7.25045,5.20248,19.2062,12.03839,29.99398,49.51913,71.73321,54.54991,19.79181,13.40649,3.51941,2.51474,3.56053,15.50406,3.10389,29.43583,33.42377,40.94676,60.49709,76.91181,70.12435,112.71717,166.24173,141.47272,164.6448,126.29012,103600000,74300000,280200000,180500000,450600000,821000000,1368139040,1191400000,467000000,284100000,71900000,50700000,74100000,304300000,63600000,626588850,715015640,916096710,1376769670,1822575040,1788354780,3004700000,4852300000,5214485000,5757200000,4897600000,0.01986,0.01425,0.05262,0.03298,0.08218,0.13567,0.19653,0.14945,0.05422,0.03673,0.00964,0.00689,0.00975,0.04248,0.0085,0.08065,0.09157,0.11218,0.16575,0.21072,0.19212,0.30881,0.45546,0.3876,0.45108,0.346,0.17496,0.52515,17.89014,4.53524,6.92271,9.46955,21.95296,30.97908,10.51043,8.43273,0,0,0.69192,0.73368,0.5466,19.3408,24.78328,34.24668,34.43682,35.79364,37.96108,44.42738,48.95811,53.66456,76.69144,70.91442,2500000,7500000,261000000,68000000,104000000,157000000,418700000,676600000,248000000,178700000,0,0,14400000,14400000,11200000,411700000,530174640,766196710,783700000,848200000,968107090,1184300000,1429000000,1978000000,2681700000,2750100000,0.00048,0.00144,0.04901,0.01243,0.01897,0.02594,0.06015,0.08487,0.0288,0.0231,0,0,0.0019,0.00201,0.0015,0.05299,0.0679,0.09383,0.09435,0.09806,0.104,0.12172,0.13413,0.14703,0.21011,0.19429
Alaska,441.25348,480.84371,322.59292,306.03137,343.35906,272.76721,254.83232,199.92879,374.26097,474.20518,493.87104,1001.33212,945.21504,765.95288,777.40066,633.78509,473.96995,376.63676,205.91266,170.8266,104.75129,83.44409,219.77691,117.3216,144.39871,154.7003,2734200000,2994800000,2114000000,2092500000,2181600000,2282800000,2267100000,3015200000,5601200000,7447100000,8934330000,14950300000,18160300000,16332004000,15597000000,10442000000,7108900000,4641300000,2532500000,2288000000,1378900000,1059900000,3264500000,2453500000,2557400000,2730100000,1.20891,1.31738,0.88382,0.83844,0.94071,0.74731,0.69817,0.54775,1.02537,1.29919,1.35307,2.74338,2.58963,2.0985,2.12986,1.7364,1.29855,1.03188,0.56414,0.46802,0.28699,0.22861,0.60213,0.32143,0.39561,0.42384,441.25348,480.84371,322.59292,306.03137,339.18826,271.73961,254.83232,199.92879,374.26097,566.58703,572.87809,869.43354,826.53422,765.95288,777.40066,633.77295,473.96995,376.63676,205.91266,170.8266,104.75129,83.44409,176.77752,117.3216,144.39871,154.7003,2734200000,2994800000,2114000000,2092500000,2155100000,2274200000,2267100000,3015200000,5601200000,8897900000,10363600000,12981000000,15880100000,16332004000,15597000000,10441800000,7108900000,4641300000,2532500000,2288000000,1378900000,1059900000,2625800000,2453500000,2557400000,2730100000,1.20891,1.31738,0.88382,0.83844,0.92928,0.74449,0.69817,0.54775,1.02537,1.55229,1.56953,2.38201,2.26448,2.0985,2.12986,1.73636,1.29855,1.03188,0.56414,0.46802,0.28699,0.22861,0.48432,0.32143,0.39561,0.42384
Arizona,37.10527,23.18826,3.78325,12.47843,20.93909,38.68964,64.44237,37.74863,7.98569,-19.93066,-0.26498,0.14141,28.06545,58.20906,42.82871,30.29263,28.57042,23.19589,33.76708,57.86578,43.6996,50.18864,161.17258,92.01139,85.70865,89.11777,611200000,404740000,65700000,206000000,373800000,799770000,1548100000,1054950000,219600000,-478030000,-5700000,3243300,647443000,1349640000,1032700000,769300000,744600000,612346000,907400000,1700160000,1351000000,1869300000,5691600000,3951233000,4066300000,3966400000,0.10166,0.06353,0.01037,0.03419,0.05737,0.106,0.17655,0.10342,0.02188,-0.0546,-0.00073,0.00039,0.07689,0.15948,0.11734,0.08299,0.07828,0.06355,0.09251,0.15854,0.11972,0.1375,0.44157,0.25209,0.23482,0.24416,24.75708,22.42972,3.74294,0.83593,0.75623,7.77885,20.87998,24.22467,7.94933,0.11257,0,0,10.84137,19.58503,18.88246,18.01886,17.68097,17.47974,17.03611,25.28701,31.65067,26.16962,27.81357,33.16034,31.12769,34.72007,407800000,391500000,65000000,13800000,13500000,160800000,501600000,677000000,218600000,2700000,0,0,250100000,454100000,455300000,457600000,460800000,461446000,457800000,742960000,978500000,974700000,982200000,1424000000,1476800000,1545300000,0.06783,0.06145,0.01025,0.00229,0.00207,0.02131,0.05721,0.06637,0.02178,0.00031,0,0,0.0297,0.05366,0.05173,0.04937,0.04844,0.04789,0.04667,0.06928,0.08671,0.0717,0.0762,0.09085,0.08528,0.09512
Arkansas,0,0,0,0,0,0,0,0,0,0,0,0,0,0,0,0,12.47515,8.42077,8.40943,29.05857,11.94524,71.50154,175.36125,163.024,147.9103,117.37947,0,0,0,0,0,0,0,0,0,0,0,0,0,0,0,0,177400000,123400000,126600000,447900000,188185000,1155700000,2810200000,2690700000,2513300000,2029700000,0,0,0,0,0,0,0,0,0,0,0,0,0,0,0,0,0.03418,0.02307,0.02304,0.07961,0.03273,0.19589,0.48044,0.44664,0.40523,0.32159,0,0,0,0,0,0,0,0,0,0,0,0,0,0,0,0,0,8.42077,8.40943,9.8938,11.74212,12.99241,75.63086,92.67533,106.80874,104.95738,0,0,0,0,0,0,0,0,0,0,0,0,0,0,0,0,0,123400000,126600000,152500000,184985000,210000000,1212000000,1529600000,1814900000,1814900000,0,0,0,0,0,0,0,0,0,0,0,0,0,0,0,0,0,0.02307,0.02304,0.02711,0.03217,0.0356,0.20721,0.25391,0.29263,0.28755
California,50.16595,14.20197,-10.14511,7.57161,16.68226,44.06125,43.10389,14.03702,8.41991,-23.49853,-22.35312,-12.27457,-6.82241,9.55383,20.40102,16.25144,26.15894,37.98822,65.02815,68.05722,59.40192,127.71503,132.17572,146.1208,117.25706,84.21453,9139000000,3037000000,-2133300000,1607300000,3488800000,9633600000,10816300000,3900100000,2375700000,-5854700000,-5342500000,-3078700000,-1615014000,2527500000,5589600000,5051200000,8203500000,12415539000,22226463000,26176300000,23807200000,56729637000,80493200000,78140300000,66072094000,53892065000,0.13744,0.03891,-0.02779,0.02074,0.0457,0.12072,0.11809,0.03846,0.02307,-0.06438,-0.06124,-0.03363,-0.01869,0.02617,0.05589,0.04452,0.07167,0.10408,0.17816,0.18646,0.16274,0.3499,0.36213,0.40033,0.32125,0.23072,47.56681,7.31282,0,0,0,41.67698,40.13539,10.8507,0,0,0,0,0,5.94548,16.85851,13.1422,23.03428,34.42443,60.97762,59.80236,51.47965,118.0873,125.15356,126.35661,85.48915,56.08589,8665500000,1563800000,0,0,0,9112300000,10071400000,3014800000,0,0,0,0,0,1572900000,4619000000,4084800000,7223600000,11250800000,20842000000,23001300000,20632100000,52453100000,76216800000,67571100000,48171488000,35891484000,0.13032,0.02004,0,0,0,0.11418,0.10996,0.02973,0,0,0,0,0,0.01629,0.04619,0.03601,0.06311,0.09431,0.16706,0.16384,0.14104,0.32353,0.34289,0.34618,0.23422,0.15366
Colorado,48.62565,25.69305,7.51271,13.88295,22.22543,20.03296,51.41945,26.72778,16.04255,21.92928,7.46739,23.45026,43.26777,66.72936,27.10846,26.98068,18.29247,21.51438,44.45536,35.83275,52.33764,87.03844,65.5492,46.56305,68.21591,46.2093,798300000,469500000,137600000,224900000,346400000,335500000,908800000,516000000,327000000,443750000,137400000,445600000,854900000,1446400000,650900000,709200000,512724680,614463790,1365993460,1262000000,1823300000,3178000000,3201800000,2427300000,3153500000,2334000000,0.13322,0.07039,0.02058,0.03804,0.06089,0.05488,0.14088,0.07323,0.04395,0.06008,0.02046,0.06425,0.11854,0.18282,0.07427,0.07392,0.05012,0.05894,0.1218,0.09817,0.14339,0.23846,0.17959,0.12757,0.18689,0.1266,35.53577,0,0,0,7.81483,0,0,13.83007,13.90845,21.92928,7.20652,8.24654,14.22689,17.20828,17.11302,26.98068,18.29247,21.51438,44.45536,35.83275,52.33764,87.03844,33.00594,46.56305,68.21591,46.2093,583400000,0,0,0,121800000,0,0,267000000,283500000,443750000,132600000,156700000,281100000,373000000,410900000,709200000,512724680,614463790,1365993460,1262000000,1823300000,3178000000,1612200000,2427300000,3153500000,2334000000,0.09736,0,0,0,0.02141,0,0,0.03789,0.03811,0.06008,0.01974,0.02259,0.03898,0.04715,0.04688,0.07392,0.05012,0.05894,0.1218,0.09817,0.14339,0.23846,0.09043,0.12757,0.18689,0.1266
Connecticut,18.86339,18.15718,0,0,8.70502,17.74763,27.90386,32.6751,30.90984,30.0147,0,4.82717,1.82197,5.19326,11.16066,8.50704,4.78999,4.3837,23.15436,47.4357,58.56167,56.63671,58.33747,54.35155,73.70448,73.30871,564000000,594700000,0,0,302200000,666100000,1112500000,1381700000,1382000000,1382000000,0,237000000,93400000,270700000,519200000,406000000,235600000,212900000,1185300000,2505500000,3074600000,3112000000,3313400000,3315800000,4506096570,4706600000,0.05168,0.04975,0,0,0.02385,0.04862,0.07645,0.08952,0.08468,0.08223,0,0.01323,0.00499,0.01423,0.03058,0.02331,0.01312,0.01201,0.06344,0.12996,0.16044,0.15517,0.15983,0.14891,0.20193,0.20085,18.86339,18.15718,0,0,8.70502,17.74763,27.90386,32.6751,30.90313,30.00857,0,0,1.82197,5.19326,11.16066,8.50704,4.78999,4.3837,23.15436,40.41932,58.56167,56.63671,58.33747,54.35155,67.14553,67.38838,564000000,594700000,0,0,302200000,666100000,1112500000,1381700000,1381700000,1381718000,0,0,93400000,270700000,519200000,406000000,235600000,212900000,1185300000,2134902580,3074600000,3112000000,3313400000,3315800000,4105100000,4326500000,0.05168,0.04975,0,0,0.02385,0.04862,0.07645,0.08952,0.08467,0.08222,0,0,0.00499,0.01423,0.03058,0.02331,0.01312,0.01201,0.06344,0.11074,0.16044,0.15517,0.15983,0.14891,0.18396,0.18463
Delaware,54.92876,76.63648,71.64942,69.02592,92.33269,90.69713,79.25452,63.62385,56.11118,41.92156,63.72225,89.03201,57.37543,63.44226,39.86716,51.132,52.97289,42.22479,66.4571,78.70139,77.57837,148.1724,188.01696,189.29416,184.86263,154.17919,338000000,510000000,481700000,464100000,646000000,701300000,690600000,590900000,526000000,378500000,537100000,797800000,564700000,635900000,414400000,536900000,568000000,475000000,749800000,947500000,959400000,1833400000,2605400000,3039530000,3156380000,2925320000,0.15049,0.20996,0.1963,0.18911,0.25297,0.24849,0.21714,0.17431,0.15373,0.11485,0.17458,0.24392,0.15719,0.17381,0.10923,0.14009,0.14513,0.11568,0.18207,0.21562,0.21254,0.40595,0.51511,0.51861,0.50647,0.42241,18.52627,18.93372,19.03908,19.18626,19.50993,19.16628,18.48813,18.88581,19.50023,20.64512,22.11474,20.80166,18.93887,19.84379,19.40445,20.23757,20.02338,19.65453,20.52743,19.96814,20.4094,20.39856,20.22766,19.70458,19.25713,18.37826,114000000,126000000,128000000,129000000,136500000,148200000,161100000,175400000,182800000,186400000,186400000,186400000,186400000,198900000,201700000,212500000,214700000,221100000,231600000,240400000,252400000,252400000,280300000,316400000,328800000,348700000,0.05076,0.05187,0.05216,0.05257,0.05345,0.05251,0.05065,0.05174,0.05343,0.05656,0.06059,0.05699,0.05189,0.05437,0.05316,0.05545,0.05486,0.05385,0.05624,0.05471,0.05592,0.05589,0.05542,0.05399,0.05276,0.05035
Florida,42.4113,25.15203,36.66111,29.20377,58.31987,68.08411,85.01714,60.41508,21.94273,13.96542,31.78594,15.7374,31.41071,53.17633,47.54737,47.94555,40.5935,34.89564,35.11673,43.59462,88.01672,155.7474,244.37816,181.5825,136.30685,124.98591,2155900000,1382700000,1925100000,1641300000,3423600000,4558800000,6059300000,4670400000,1665700000,905300000,1848200000,1025600000,2003100000,3600300000,3506000000,3679000000,3245500000,2898900000,3062400000,3972700000,7926400000,15476000000,25533300000,24392300000,20545700000,18213700000,0.1162,0.06891,0.10044,0.08001,0.15978,0.18653,0.23292,0.16552,0.06012,0.03826,0.08708,0.04312,0.08606,0.14569,0.13027,0.13136,0.11122,0.0956,0.09621,0.11944,0.24114,0.42671,0.66953,0.49749,0.37344,0.34243,32.77586,16.26232,17.92016,17.06178,16.4623,14.75843,15.00319,15.99892,17.71543,4.22526,4.72782,4.28421,7.7433,10.46453,12.54052,14.84631,16.93157,16.66478,16.24309,16.27377,17.48031,16.84882,26.13063,23.37645,27.46876,30.47225,1666100000,894000000,941000000,958900000,966400000,988200000,1069300000,1236800000,1344800000,273900000,274900000,279200000,493800000,708500000,924700000,1139200000,1353700000,1384400000,1416500000,1483000000,1574200000,1674200000,2730200000,3140200000,4140400000,4440600000,0.0898,0.04455,0.0491,0.04674,0.0451,0.04043,0.0411,0.04383,0.04854,0.01158,0.01295,0.01174,0.02121,0.02867,0.03436,0.04067,0.04639,0.04566,0.0445,0.04459,0.04789,0.04616,0.07159,0.06405,0.07526,0.08349
Georgia,66.44044,61.71423,66.34758,28.87975,19.93114,27.46372,41.34099,53.0477,41.63654,36.25217,26.01168,24.18802,10.96119,17.94739,20.14195,27.82879,34.11438,38.91044,41.27047,43.77158,36.64532,94.47594,157.95943,191.68481,173.30887,147.30214,2508700000,2601500000,2554400000,1267900000,868546000,1228200000,2016500000,2785600000,2217300000,1737800000,1138200000,1130800000,520600000,900300000,1054500000,1528700000,2047900000,2471900000,2728800000,3046723640,2622348660,6512007350,12285002850,16092521000,16944100000,14635828000,0.18203,0.16908,0.18177,0.07912,0.05461,0.07524,0.11326,0.14534,0.11407,0.09932,0.07126,0.06627,0.03003,0.04917,0.05518,0.07624,0.09346,0.1066,0.11307,0.11992,0.1004,0.25884,0.43277,0.52516,0.47482,0.40357,14.60064,17.42185,18.18169,4.20703,1.1841,5.73782,16.25758,29.41466,19.2381,4.53309,2.65099,7.02454,7.95876,14.2993,16.4803,26.05387,33.8645,36.33991,38.66617,40.33471,35.55702,62.22137,67.37837,64.22259,55.91081,56.18904,551300000,734400000,700000000,184700000,51600000,256600000,793000000,1544600000,1024500000,217300000,116000000,328400000,378000000,717300000,862800000,1431200000,2032900000,2308600000,2556604000,2807500000,2544469870,4288774540,5240228300,5391681000,5466300000,5582900000,0.04,0.04773,0.04981,0.01153,0.00324,0.01572,0.04454,0.08059,0.05271,0.01242,0.00726,0.01925,0.0218,0.03918,0.04515,0.07138,0.09278,0.09956,0.10593,0.11051,0.09742,0.17047,0.1846,0.17595,0.15318,0.15394
Hawaii,31.68807,40.17105,18.35932,11.24051,22.67766,47.14489,61.29747,37.63957,27.29906,1.60255,3.0179,9.25594,19.83516,55.93184,43.50916,52.26237,59.86102,58.76102,52.66469,52.12593,48.22752,65.42303,121.5558,109.57681,105.84343,120.32339,277900000,370300000,183900000,117200000,238600000,540500000,785800000,554900000,404400000,23600000,40000000,126000000,299500000,868200000,748000000,918300000,1128700000,1205100000,1126000000,1130310000,1061600000,1569400000,2944789200,3152600000,3109100000,3577000000,0.08682,0.11006,0.0503,0.0308,0.06213,0.12916,0.16794,0.10312,0.07479,0.00439,0.00827,0.02536,0.05434,0.15324,0.1192,0.14318,0.164,0.16099,0.14429,0.14281,0.13213,0.17924,0.33303,0.30021,0.28998,0.32965,0.66136,2.29983,4.99166,0,5.13241,4.71885,4.17335,4.17162,4.99538,4.10143,4.75319,0.7346,1.60271,1.55903,4.83952,5.13347,5.35127,15.17908,17.57205,17.44126,2.67577,13.31889,13.44895,33.84348,51.61616,52.7445,5800000,21200000,50000000,0,54000000,54100000,53500000,61500000,74000000,60400000,63000000,10000000,24200000,24200000,83200000,90200000,100900000,311300000,375700000,378200000,58900000,319500000,325811810,973700000,1516200000,1568000000,0.00181,0.0063,0.01368,0,0.01406,0.01293,0.01143,0.01143,0.01369,0.01124,0.01302,0.00201,0.00439,0.00427,0.01326,0.01406,0.01466,0.04159,0.04814,0.04778,0.00733,0.03649,0.03685,0.09272,0.14141,0.14451
Idaho,47.42742,47.50629,10.03082,2.97611,18.3694,39.84837,67.61149,53.30442,49.65871,15.81219,4.48496,11.91885,23.23738,35.86924,37.01187,47.61248,50.62938,57.50789,69.59451,55.69687,61.96527,147.60188,183.07832,121.05075,176.90302,176.88966,218400000,238000000,54400000,15700000,100000000,230400000,410800000,376300000,380100000,128200000,30800000,80000000,161000000,265000000,282000000,383000000,421500000,513900000,660900000,564400000,663300000,1677000000,2216000000,1519900000,2476400000,2591700000,0.12994,0.13015,0.02748,0.00815,0.05033,0.10917,0.18524,0.14604,0.13605,0.04332,0.01229,0.03265,0.06366,0.09827,0.1014,0.13045,0.13871,0.15756,0.19067,0.15259,0.16977,0.40439,0.50158,0.33165,0.48467,0.48463,7.81771,10.61905,9.77267,0,0,2.76725,17.87392,17.22513,18.36889,15.81219,4.48496,1.63884,8.80422,25.04079,31.23697,42.01832,44.56346,46.2167,44.43771,45.69038,44.56118,69.31215,72.90912,87.88704,154.0365,148.24414,36000000,53200000,53000000,0,0,16000000,108600000,121600000,140600000,128200000,30800000,11000000,61000000,185000000,238000000,338000000,371000000,413000000,422000000,463000000,477000000,787500000,882500000,1103500000,2156300000,2172000000,0.02142,0.02909,0.02677,0,0,0.00758,0.04897,0.04719,0.05033,0.04332,0.01229,0.00449,0.02412,0.0686,0.08558,0.11512,0.12209,0.12662,0.12175,0.12518,0.12209,0.1899,0.19975,0.24079,0.42202,0.40615
Illinois,23.9822,20.12522,7.73385,9.04781,7.12939,12.7184,13.06535,13.08101,5.60546,7.57324,6.57044,5.86752,0.4986,1.85561,4.05478,10.63926,12.86802,16.10256,1.28955,4.65144,4.65946,8.22383,15.57208,28.02504,32.06087,36.01986,1516700000,1350700000,481800000,542700000,458000000,773000000,866000000,918000000,417000000,556000000,453000000,469000000,40000000,154000000,349700000,896700000,967400000,1368100000,125100000,466100000,535149000,980100000,2062000000,3850794000,4671575970,5455775970,0.0657,0.05514,0.02119,0.02479,0.01953,0.03484,0.0358,0.03584,0.01536,0.02075,0.018,0.01608,0.00137,0.00508,0.01111,0.02915,0.03525,0.04412,0.00353,0.01274,0.01277,0.02253,0.04266,0.07678,0.08784,0.09868,0,3.35247,3.62775,3.76284,4.29632,4.54111,4.16401,3.93285,3.71009,3.75938,0,0,0,0,3.19675,3.27115,3.67791,0.11652,0.03917,0.03593,0.03612,0.0344,5.67905,14.11928,13.31462,15.56202,0,225000000,226000000,225700000,276000000,276000000,276000000,276000000,276000000,276000000,0,0,0,0,275700000,275700000,276500000,9900000,3800000,3600000,4149000,4100000,752000000,1940067000,1940067250,2357113100,0,0.00918,0.00994,0.01031,0.01177,0.01244,0.01141,0.01077,0.01016,0.0103,0,0,0,0,0.00876,0.00896,0.01008,0.00032,0.00011,0.0001,0.0001,0.00009,0.01556,0.03868,0.03648,0.04264
Indiana,55.86485,21.36281,10.09089,25.49608,7.86887,13.46513,22.55506,38.31893,40.51701,37.26984,23.54592,33.04705,57.27377,49.78006,50.29441,52.32964,54.65078,41.97023,41.4148,50.89691,31.3458,80.74449,121.39842,49.42265,42.17903,39.96469,1372500000,544500000,269200000,720100000,242400000,435300000,738700000,1285700000,1413100000,1329400000,830700000,1181500000,2155000000,1943100000,2005300000,2141200000,2244500000,1777100000,1785500000,2270100000,1418900000,3922700000,6124700000,2926200000,2551300000,2502600000,0.15305,0.05853,0.02765,0.06985,0.02156,0.03689,0.06179,0.10498,0.11101,0.10211,0.06451,0.09054,0.15691,0.13638,0.13779,0.14337,0.14973,0.11499,0.11347,0.13944,0.08588,0.22122,0.3326,0.1354,0.11556,0.10949,21.97554,20.63306,10.08339,9.86065,7.86238,9.79029,10.01803,10.25852,10.40809,10.23841,0,1.59991,9.34453,13.19629,24.30073,30.6519,35.74641,34.82129,32.91613,32.18696,19.37656,26.78995,32.04282,35.38055,31.18336,29.16148,539900000,525900000,269000000,278500000,242200000,316500000,328100000,344200000,363000000,365200000,0,57200000,351600000,515100000,968900000,1254200000,1468100000,1474400000,1419100000,1435600000,877100000,1301500000,1616600000,2094800000,1886200000,1826100000,0.06021,0.05653,0.02763,0.02702,0.02154,0.02682,0.02745,0.02811,0.02852,0.02805,0,0.00438,0.0256,0.03615,0.06658,0.08398,0.09794,0.0954,0.09018,0.08818,0.05309,0.0734,0.08779,0.09693,0.08543,0.07989
Iowa,47.46709,30.31629,20.242,-3.68947,26.58277,31.06754,39.33901,41.43676,39.71731,31.92366,48.85773,67.94748,78.38102,87.58042,77.76161,57.34,38.95725,30.4393,37.77535,50.74361,50.54004,95.32937,123.32478,121.47998,128.54059,122.18379,619400000,405200000,254600000,-45800000,329000000,391800000,541100000,611300000,640700000,519000000,709200000,994900000,1289400000,1538800000,1376700000,1108500000,773200000,605300000,747600000,1046500000,1082900000,2039500000,2744500000,2733000000,3014400000,2992800000,0.13005,0.08306,0.05546,-0.01011,0.07283,0.08512,0.10778,0.11353,0.10881,0.08746,0.13386,0.18616,0.21474,0.23995,0.21305,0.1571,0.10673,0.0834,0.10349,0.13902,0.13847,0.26118,0.33788,0.33282,0.35217,0.33475,34.01016,30.31629,13.19785,0,13.17019,17.88881,28.48461,36.27157,36.72317,31.92366,29.06525,30.07063,36.55228,34.78061,37.83867,36.09549,36.7353,30.4393,31.34303,36.71578,36.28205,37.44465,37.30973,40.09328,40.98766,37.96402,443800000,405200000,166000000,0,163000000,225600000,391800000,535100000,592400000,519000000,421900000,440300000,601300000,611100000,669900000,697800000,729100000,605300000,620300000,757200000,777400000,801100000,830300000,902000000,961200000,929900000,0.09318,0.08306,0.03616,0,0.03608,0.04901,0.07804,0.09937,0.10061,0.08746,0.07963,0.08239,0.10014,0.09529,0.10367,0.09889,0.10064,0.0834,0.08587,0.10059,0.0994,0.10259,0.10222,0.10984,0.11229,0.10401
Kansas,31.58943,30.13376,0.98889,10.82429,27.69315,37.25411,52.10126,60.85828,31.50038,2.99136,-1.87766,12.12888,30.10692,42.20097,23.16405,4.1843,2.21665,6.31546,41.81325,57.35433,27.98697,109.31719,124.86573,168.16164,191.27782,170.68076,378000000,365700000,12100000,122700000,327500000,478700000,733600000,935000000,526600000,49700000,-27100000,188300000,503000000,709300000,379700000,71500000,37137140,108600000,761700000,1105100000,576800000,2176700000,2803800000,4020666000,4907821960,4823438170,0.08655,0.08256,0.00271,0.02966,0.07587,0.10207,0.14274,0.16674,0.0863,0.0082,-0.00514,0.03323,0.08248,0.11562,0.06346,0.01146,0.00607,0.0173,0.11456,0.15714,0.07668,0.2995,0.3421,0.46072,0.52405,0.46762,0,0,0,0,0,0,0,0,0,0,0,0,0,0,0,0,0,0,0,0,3.97388,4.11314,43.1628,67.34971,65.75372,66.88606,0,0,0,0,0,0,0,0,0,0,0,0,0,0,0,0,0,0,0,0,81900000,81900000,969200000,1610300000,1687114260,1890200000,0,0,0,0,0,0,0,0,0,0,0,0,0,0,0,0,0,0,0,0,0.01089,0.01127,0.11825,0.18452,0.18015,0.18325
Kentucky,25.29907,12.4423,1.21124,8.52148,15.02797,23.59243,34.6321,33.68106,11.60686,1.85738,3.45493,12.03502,8.18951,9.3631,5.82801,10.75705,18.27069,8.69485,3.95683,8.11248,20.5964,103.98826,80.78493,102.9782,133.82329,122.60582,453900000,240000000,23500000,167600000,300300000,497600000,800400000,810800000,300500000,46600000,80000000,289800000,211700000,244400000,157500000,297896700,516600000,266053400,122820360,259186000,655794960,3278650000,2911858940,4081280000,5241400000,5330958000,0.06931,0.03409,0.00332,0.02335,0.04117,0.06464,0.09488,0.09228,0.0318,0.00509,0.00947,0.03297,0.02244,0.02565,0.01597,0.02947,0.05006,0.02382,0.01084,0.02223,0.05643,0.2849,0.22133,0.28213,0.36664,0.33591,15.52836,12.43193,0,0.25931,2.54219,1.36548,5.14895,9.61663,8.29668,0.28299,0,0,4.70791,4.66239,2.85295,2.78408,8.33605,4.91847,3.02125,4.04081,9.52253,55.9056,28.67353,93.69843,133.44031,110.65889,278600000,239800000,0,5100000,50800000,28800000,119000000,231500000,214800000,7100000,0,0,121700000,121700000,77100000,77100000,235700000,150500000,93779980,129100000,303200000,1762650000,1033525520,3713500000,5226400000,4811500000,0.04254,0.03406,0,0.00071,0.00696,0.00374,0.01411,0.02635,0.02273,0.00078,0,0,0.0129,0.01277,0.00782,0.00763,0.02284,0.01348,0.00828,0.01107,0.02609,0.15317,0.07856,0.25671,0.36559,0.30318
Louisiana,-1.38179,15.6803,15.98429,1.3017,15.29022,36.5735,71.13456,68.28229,62.1924,36.17122,22.53216,29.69436,5.01864,26.3872,26.49437,14.99535,1.89287,16.33439,23.9067,34.29546,30.1858,43.8902,41.51016,33.20505,43.70161,34.39554,-22000000,269800000,284100000,23027000,283200000,714095000,1508462000,1770700000,1641300000,929719230,536000000,633100000,113219020,605000000,623017000,352822000,45139170,409412000,629122310,939792100,838671930,1245148580,1447741080,1299300000,1652588870,1227598080,-0.00379,0.04296,0.04379,0.00357,0.04189,0.1002,0.19489,0.18707,0.17039,0.0991,0.06173,0.08135,0.01375,0.07229,0.07259,0.04108,0.00519,0.04475,0.0655,0.09396,0.0827,0.12025,0.11373,0.09097,0.11973,0.09423,3.70571,11.43186,14.96593,0,12.92002,23.64669,32.12336,26.32649,29.38916,33.21365,27.06802,30.33693,19.63234,19.35942,18.90299,19.9713,15.05359,11.44224,12.2007,14.78984,20.4522,19.24345,20.67911,24.88909,27.96488,34.36758,59000000,196700000,266000000,0,239300000,461700000,681200000,682700000,775600000,853700000,643900000,646800000,442900000,443868560,444505000,469900000,358982170,286793000,321070310,405283100,568236930,545929580,721221080,973900000,1057500000,1226600000,0.01015,0.03132,0.041,0,0.0354,0.06479,0.08801,0.07213,0.08052,0.091,0.07416,0.08311,0.05379,0.05304,0.05179,0.05472,0.04124,0.03135,0.03343,0.04052,0.05603,0.05272,0.05666,0.06819,0.07662,0.09416
Maine,70.03539,25.18336,4.88033,4.1641,6.61527,10.57876,11.99763,18.28379,15.31477,6.31312,0.07686,2.41402,10.15638,7.98215,12.25167,16.61554,21.17927,28.99405,37.63508,44.67474,42.38339,61.16292,84.29005,88.00155,92.75274,78.54011,444600000,182500000,34300000,28900000,47900000,80700000,94400000,151500000,131300000,52200000,600000,19000000,87100000,67400000,105700000,144100000,193300000,265800000,362400000,447800000,456800000,652600000,940700000,1072100000,1290000000,1186300000,0.19188,0.069,0.01337,0.01141,0.01812,0.02898,0.03287,0.05009,0.04196,0.0173,0.00021,0.00661,0.02783,0.02187,0.03357,0.04552,0.05803,0.07944,0.10311,0.1224,0.11612,0.16757,0.23093,0.2411,0.25412,0.21518,22.63627,19.82931,2.84567,0,4.55749,6.16111,10.15478,13.93913,15.20979,0,0.02562,0,5.22395,7.07025,10.80279,13.66372,13.40002,22.76546,29.8879,30.78746,25.30199,46.60791,81.27937,74.4578,69.62207,68.19212,143700000,143700000,20000000,0,33000000,47000000,79900000,115500000,130400000,0,200000,0,44800000,59700000,93200000,118500000,122300000,208700000,287800000,308600000,272700000,497300000,907100000,907100000,968300000,1030000000,0.06202,0.05433,0.0078,0,0.01249,0.01688,0.02782,0.03819,0.04167,0,0.00007,0,0.01431,0.01937,0.0296,0.03743,0.03671,0.06237,0.08188,0.08435,0.06932,0.12769,0.22268,0.20399,0.19075,0.18683
Maryland,61.41321,50.87879,28.5745,21.62166,33.80335,54.95188,62.71412,44.21129,29.62317,19.87148,25.97397,44.51477,29.88066,29.17355,21.23842,24.96302,26.69041,23.03312,30.53923,37.71224,35.14474,74.68975,123.29963,72.31364,46.24108,32.51044,1518000000,1426000000,857000000,612900000,949300000,1695800000,2120512140,1716900000,1171852000,779000000,955600000,1614515070,1222680800,1207297610,911157420,1093900000,1216900000,1091000000,1446380000,1850700000,1880600000,3870300000,7161040000,5541820000,3470879000,2455790700,0.16826,0.13939,0.07829,0.05924,0.09261,0.15055,0.17182,0.12113,0.08116,0.05444,0.07116,0.12196,0.08186,0.07993,0.05819,0.06839,0.07312,0.0631,0.08367,0.10332,0.09629,0.20463,0.33781,0.19812,0.12669,0.08907,23.54578,31.68328,18.27167,17.29309,17.68329,16.89581,22.4415,36.88008,17.3098,17.6471,16.62377,17.21571,16.41124,17.03586,17.79897,17.65143,18.25713,17.57568,18.09069,17.86069,21.99957,12.18101,28.62168,38.59288,32.11676,28.92431,582000000,888000000,548000000,490200000,496600000,521400000,758800000,1432200000,684752000,691800000,611600000,624400000,671528290,705000000,763600000,773500000,832400000,832500000,856800000,876500000,1177200000,631200000,1662300000,2957600000,2410700000,2184900000,0.06451,0.0868,0.05006,0.04738,0.04845,0.04629,0.06148,0.10104,0.04742,0.04835,0.04554,0.04717,0.04496,0.04667,0.04876,0.04836,0.05002,0.04815,0.04956,0.04893,0.06027,0.03337,0.07842,0.10573,0.08799,0.07924
Massachusetts,33.37395,49.6371,22.21828,12.23873,30.23735,47.57485,57.47167,58.29016,33.3246,16.59796,15.06734,30.45873,29.65954,26.6548,19.29435,20.02052,18.14501,17.41412,27.65243,43.74065,45.86016,143.66498,165.23372,124.27006,111.79935,91.33306,1905291000,3011000000,1387900000,752400000,1892800000,2487200000,3208100000,3634000000,2225800000,1016600000,903000000,1900800000,1989700000,1874300000,1455000000,1570700000,1482000000,1447700000,2386700000,3959200000,4295200000,12099150000,18200200000,15338500000,15004300000,13085600000,0.09144,0.13599,0.06087,0.03353,0.08284,0.13034,0.15746,0.1597,0.0913,0.04547,0.04128,0.08345,0.08126,0.07303,0.05286,0.05485,0.04971,0.04771,0.07576,0.11984,0.12564,0.3936,0.4527,0.34047,0.3063,0.25023,28.17286,37.82047,14.11955,10.43155,18.16829,33.06062,38.60048,37.45391,31.72858,13.73585,11.17619,22.09892,24.62709,22.13957,16.54938,15.96339,15.81261,15.64588,23.18716,37.83226,37.38257,54.93375,62.98332,65.10719,63.51066,57.42377,1608365000,2294200000,882000000,641300000,1137300000,1728400000,2154700000,2335000000,2119200000,841300000,669800000,1379100000,1652100000,1556800000,1248000000,1252400000,1291500000,1300700000,2001300000,3424400000,3501200000,4626400000,6937500000,8036100000,8523600000,8227300000,0.07719,0.10362,0.03868,0.02858,0.04978,0.09058,0.10575,0.10261,0.08693,0.03763,0.03062,0.06054,0.06747,0.06066,0.04534,0.04374,0.04332,0.04287,0.06353,0.10365,0.10242,0.1505,0.17256,0.17838,0.174,0.15733
Michigan,56.26702,38.3916,10.38743,7.27075,3.41613,9.3907,0.18599,10.61009,16.98954,7.7441,8.97199,24.69434,59.50178,69.78026,28.1482,47.31019,45.86103,49.58127,64.96033,72.24148,138.10933,209.89135,289.11536,123.43415,97.34304,72.42335,1476200000,1022300000,259700000,174000000,81900000,222400000,4600000,261200000,460100000,179400000,189400000,555900000,1344300000,1692200000,692600000,1192800000,1216800000,1332500000,1794400000,2064800000,3363700000,5745100000,9052400000,5705600000,4145000000,3051900000,0.15416,0.10518,0.02846,0.01992,0.00936,0.02573,0.00051,0.02907,0.04655,0.02122,0.02458,0.06766,0.16302,0.19118,0.07712,0.12962,0.12565,0.13584,0.17797,0.19792,0.37838,0.57504,0.7921,0.33818,0.26669,0.19842,48.19403,37.33633,5.79968,0,3.41613,0.08023,0.08491,0.0853,0.08124,0.09497,0.10422,0.09773,16.16016,20.84913,15.69569,19.75621,23.08128,26.41854,36.42253,40.18625,34.04592,50.50092,50.74625,38.51476,46.8867,50.98752,1264400000,994200000,145000000,0,81900000,1900000,2100000,2100000,2200000,2200000,2200000,2200000,365100000,505600000,386200000,498100000,612400000,710000000,1006100000,1148600000,829200000,1382300000,1588900000,1780300000,1996500000,2148600000,0.13204,0.10229,0.01589,0,0.00936,0.00022,0.00023,0.00023,0.00022,0.00026,0.00029,0.00027,0.04427,0.05712,0.043,0.05413,0.06324,0.07238,0.09979,0.1101,0.09328,0.13836,0.13903,0.10552,0.12846,0.13969
Minnesota,67.59766,45.23314,32.34771,9.69099,34.04505,68.65575,42.57938,51.38134,41.21141,9.67408,10.97221,30.88101,39.51622,33.3465,35.57686,37.8262,56.19227,57.6531,53.62137,62.87565,51.32946,106.7363,191.75254,221.27955,122.13173,76.75188,2125400000,1574200000,1130300000,368900000,1268500000,2732800000,1813100000,2244900000,1920000000,446900000,439700000,1297400000,1795000000,1712000000,1885866000,2103017000,3102423000,3333262000,3282980000,3971359000,3343865000,6914924000,12969000000,16516196000,11805735000,7464476000,0.1852,0.12393,0.08862,0.02655,0.09327,0.1881,0.11666,0.14077,0.11291,0.0265,0.03006,0.08461,0.10826,0.09136,0.09747,0.10363,0.15395,0.15795,0.14691,0.17226,0.14063,0.29243,0.52535,0.60625,0.33461,0.21028,43.88091,45.23314,0,2.72419,26.91934,33.6571,26.13098,26.21366,26.23149,0,0,0.20708,14.47681,12.77763,12.46961,17.88481,35.66431,34.25124,34.17575,39.261,46.21152,44.19319,48.08053,42.90085,66.47058,36.26943,1379700000,1574200000,0,103700000,1003000000,1339700000,1112700000,1145300000,1222100000,0,0,8700000,657600000,656000000,660992000,994339000,1969057000,1980264000,2092418000,2479808000,3010456000,2863061000,3251881000,3202098000,6425308000,3527370000,0.12022,0.12393,0,0.00746,0.07375,0.09221,0.07159,0.07182,0.07187,0,0,0.00057,0.03966,0.03501,0.03416,0.049,0.09771,0.09384,0.09363,0.10756,0.12661,0.12108,0.13173,0.11754,0.18211,0.09937
Mississippi,28.48512,20.95578,12.13709,6.70354,4.47229,7.13526,9.17914,42.3572,28.45022,24.99488,22.12966,19.46591,11.60917,6.58586,10.16285,29.26918,22.6848,17.61019,19.64569,23.37689,32.44336,36.25641,35.60682,33.84262,35.7402,35.27887,274300000,207600000,119000000,63500000,44000000,71900000,108500000,507300000,401000000,341300000,261900000,241500000,152770000,85600000,150800000,443400000,356400000,272900000,300100000,354400000,509440740,552200000,562500000,588500000,652900000,679500000,0.07804,0.05741,0.03325,0.01837,0.01225,0.01955,0.02515,0.11605,0.07795,0.06848,0.06063,0.05333,0.03181,0.01804,0.02784,0.08019,0.06215,0.04825,0.05382,0.06405,0.08889,0.09933,0.09755,0.09272,0.09792,0.09665,24.08202,19.12871,11.32115,2.38583,4.16736,1.97485,6.20967,4.52545,25.89609,24.46027,21.71563,15.3954,7.56872,2.42354,7.37952,26.07426,22.26471,17.32626,19.33146,23.06687,31.88998,35.567,35.34096,33.43432,35.1271,34.95697,231900000,189500000,111000000,22600000,41000000,19900000,73400000,54200000,365000000,334000000,257000000,191000000,99600000,31500000,109500000,395000000,349800000,268500000,295300000,349700000,500751390,541700000,558300000,581400000,641700000,673300000,0.06598,0.05241,0.03102,0.00654,0.01142,0.00541,0.01701,0.0124,0.07095,0.06701,0.05949,0.04218,0.02074,0.00664,0.02022,0.07144,0.061,0.04747,0.05296,0.0632,0.08737,0.09744,0.09682,0.0916,0.09624,0.09577
Missouri,23.01332,26.48965,30.32115,38.79973,51.0737,39.12545,60.85665,59.80601,62.98513,35.5556,34.35045,42.36244,32.27093,43.28072,32.48217,34.26219,29.86786,30.26521,43.77621,49.93758,57.6614,110.29037,197.77081,194.05279,143.60521,136.34163,463400000,561000000,634900000,678400000,932200000,763300000,1188000000,1288500000,1393300000,823000000,712400000,885700000,701800000,951500000,746200000,820800000,738800000,759208000,1111400000,1305300000,1455200000,2958030000,5671200000,6659020000,5729190460,5277667220,0.06305,0.07257,0.08307,0.1063,0.13993,0.10719,0.16673,0.16385,0.17256,0.09741,0.09411,0.11606,0.08841,0.11858,0.08899,0.09387,0.08183,0.08292,0.11993,0.13682,0.15798,0.30217,0.54184,0.53165,0.39344,0.37354,14.5708,21.34282,22.44119,26.44604,24.33699,23.74796,25.25448,24.90177,25.19315,24.19336,25.43013,24.23512,22.89038,22.94811,24.25498,22.65779,23.67436,23.57169,24.2711,24.91714,25.84698,22.51646,26.92531,26.03196,23.2558,24.65981,293400000,452000000,469900000,462400000,444200000,463300000,493000000,536500000,557300000,560000000,527400000,506700000,497800000,504500000,557200000,542800000,585600000,591300000,616200000,651300000,652300000,603900000,772100000,893300000,927800000,954560120,0.03992,0.05847,0.06148,0.07245,0.06668,0.06506,0.06919,0.06822,0.06902,0.06628,0.06967,0.0664,0.06271,0.06287,0.06645,0.06208,0.06486,0.06458,0.0665,0.06827,0.07081,0.06169,0.07377,0.07132,0.06371,0.06756
Montana,58.14199,49.54349,21.88385,12.25767,38.50733,79.53756,98.33661,118.19107,76.493,77.11951,66.062,71.42076,92.90144,98.28259,70.78131,76.53684,40.3876,7.39354,29.79168,63.91369,84.86003,112.80606,261.96852,104.93396,170.65201,127.15894,175963000,172900000,81300000,43100000,135254050,297440560,422120000,549550300,433580830,392570000,310600000,341900000,451656000,537700000,424300000,455153070,256500000,47900000,186700000,421200000,566400000,834146700,1972300000,1371300000,1560995510,1290718260,0.15929,0.13574,0.05996,0.03358,0.1055,0.21791,0.26942,0.32381,0.20957,0.21129,0.18099,0.19567,0.25452,0.26927,0.19392,0.20969,0.11065,0.02026,0.08162,0.17511,0.23249,0.30906,0.71772,0.28749,0.46754,0.34838,0,0,0,0,0,0,0,0,0,0,0,0,0,0,0,0,0,0,0,9.10451,17.07988,15.41682,15.67322,39.79119,57.0406,51.40315,0,0,0,0,0,0,0,0,0,0,0,0,0,0,0,0,0,0,0,60000000,114000000,114000000,118000000,520000000,521764260,521764260,0,0,0,0,0,0,0,0,0,0,0,0,0,0,0,0,0,0,0,0.02494,0.04679,0.04224,0.04294,0.10902,0.15628,0.14083
Nebraska,71.28407,59.78994,23.32955,8.61283,37.34323,77.88652,105.10117,129.34432,126.979,109.92985,84.18246,89.60999,98.23867,121.89377,134.09008,132.22918,109.82362,78.27932,66.59402,89.4403,92.24392,186.77419,267.3125,247.26834,189.27834,111.3061,457800000,405900000,166100000,61800000,263500000,580500000,839600000,1107400000,1129800000,1002500000,764100000,815500000,927400000,1198700000,1392700000,1460100000,1262400000,928500000,793600000,1070000000,1136900000,2316000000,3421600000,3491700000,2756100000,1669500000,0.1953,0.16381,0.06392,0.0236,0.10231,0.21339,0.28795,0.35437,0.34789,0.30118,0.23064,0.24551,0.26915,0.33396,0.36737,0.36227,0.30089,0.21446,0.18245,0.24504,0.25272,0.51171,0.73236,0.67745,0.51857,0.30495,22.14197,25.07083,15.45003,8.23654,12.32964,23.77518,34.24926,60.28048,61.30912,63.40293,51.47238,34.41551,45.433,39.05848,69.23543,65.91083,63.5679,57.38798,28.5307,27.87695,34.58843,37.66129,72.46094,115.98958,62.68759,58.47654,142200000,170200000,110000000,59100000,87000000,177200000,273600000,516100000,545500000,578200000,467200000,313200000,428900000,384100000,719100000,727800000,730700000,680700000,340000000,333500000,426300000,467000000,927500000,1637900000,912800000,877100000,0.06066,0.06869,0.04233,0.02257,0.03378,0.06514,0.09383,0.16515,0.16797,0.17371,0.14102,0.09429,0.12447,0.10701,0.18969,0.18058,0.17416,0.15723,0.07817,0.07638,0.09476,0.10318,0.19852,0.31778,0.17175,0.16021
Nevada,69.15708,52.02089,43.75595,19.53597,44.80955,37.21319,66.61701,41.25593,41.246,20.53302,35.63055,34.81152,44.57661,42.67877,23.46825,25.94415,42.30827,53.07594,54.93168,56.53824,46.93546,90.9145,175.52739,261.01553,181.10757,132.13391,304621000,262000000,226500000,109000000,293300000,316200000,535400000,406001000,388300000,212472150,313500000,324100000,374700000,384600000,211600000,241700000,417600000,580200000,604700000,684500000,574400000,1138224610,2181894100,3410150000,2671132860,2411756190,0.18947,0.14252,0.11988,0.05352,0.12277,0.10195,0.18251,0.11303,0.113,0.05625,0.09762,0.09537,0.12213,0.11693,0.0643,0.07108,0.11591,0.14541,0.1505,0.1549,0.12859,0.24908,0.4809,0.71511,0.49619,0.36201,30.95304,27.06278,26.27289,0.233,10.99996,18.32414,22.89415,27.19227,7.71172,0.05798,0,0,4.66347,9.39909,3.11653,0,0,13.37419,16.34233,27.39771,0,7.78771,27.35879,89.83591,79.57912,68.13489,136341000,136300000,136000000,1300000,72000000,155700000,184000000,267600000,72600000,600000,0,0,39200000,84700000,28100000,0,0,146200000,179900000,331700000,0,97500000,340083560,1173700000,1173702570,1243622730,0.0848,0.07414,0.07198,0.00064,0.03014,0.0502,0.06272,0.0745,0.02113,0.00016,0,0,0.01278,0.02575,0.00854,0,0,0.03664,0.04477,0.07506,0,0.02134,0.07496,0.24613,0.21802,0.18667
New Hampshire,8.5214,18.9539,-11.78724,5.01071,9.18558,27.41564,25.9991,40.27052,25.36182,2.39471,19.4826,7.51544,6.79686,23.6964,9.10312,20.27619,47.87361,24.15299,44.74835,74.65909,13.90291,58.60186,93.83897,49.98712,67.51616,44.49669,24000000,55200000,-37900000,17300000,32600000,99500000,95000000,150700000,106200000,9300000,75000000,27000000,23100000,81600000,31200000,71000000,181500000,100000000,184400000,307800000,64300000,257800000,413200000,292500000,366400000,245000000,0.02335,0.05193,-0.03229,0.01373,0.02517,0.07511,0.07123,0.11033,0.06948,0.00656,0.05338,0.02059,0.01862,0.06492,0.02494,0.05555,0.13116,0.06617,0.1226,0.20455,0.03809,0.16055,0.25709,0.13695,0.18498,0.12191,7.10117,18.9539,0,5.01071,4.87456,4.76674,18.88356,23.78285,21.25425,2.39471,2.41584,2.58865,2.7364,2.70069,2.71343,6.36844,24.53028,24.15299,26.6937,27.96684,24.97334,58.60186,36.31378,49.98712,53.89868,44.49669,20000000,55200000,0,17300000,17300000,17300000,69000000,89000000,89000000,9300000,9300000,9300000,9300000,9300000,9300000,22300000,93000000,100000000,110000000,115300000,115500000,257800000,159900000,292500000,292500000,245000000,0.01946,0.05193,0,0.01373,0.01335,0.01306,0.05174,0.06516,0.05823,0.00656,0.00662,0.00709,0.0075,0.0074,0.00743,0.01745,0.06721,0.06617,0.07313,0.07662,0.06842,0.16055,0.09949,0.13695,0.14767,0.12191
New Jersey,24.0851,22.62538,4.85023,5.77666,12.4973,10.20115,23.16454,31.16302,14.36882,7.3959,10.30792,11.27214,5.29842,3.5972,3.29542,9.08872,5.12286,8.34123,10.11877,16.43994,20.70008,56.06327,58.13212,74.7935,60.51828,52.57427,1284000000,1290000000,292300000,373000000,834200000,778200000,1779100000,2585600000,1303500000,614200000,804300000,869900000,443800000,310000000,296200000,816600000,473100000,786500000,990600000,1712200000,2163000000,6884400000,8319200000,10518200000,9140100000,8305900000,0.06599,0.06199,0.01329,0.01583,0.03424,0.02795,0.06346,0.08538,0.03937,0.02026,0.02824,0.03088,0.01452,0.00986,0.00903,0.0249,0.01404,0.02285,0.02772,0.04504,0.05671,0.1536,0.15927,0.20491,0.1658,0.14404,13.09674,12.62812,0,0,4.23069,3.78447,7.2888,5.84066,8.09879,0,0,0,0,0,0,0,0,0,0,4.03845,0.06412,19.92638,0,2.17308,2.13401,0,698200000,720000000,0,0,282400000,288700000,559800000,484600000,734700000,0,0,0,0,0,0,0,0,0,0,420600000,6700000,2446900000,0,305600000,322300000,0,0.03588,0.0346,0,0,0.01159,0.01037,0.01997,0.016,0.02219,0,0,0,0,0,0,0,0,0,0,0.01106,0.00018,0.05459,0,0.00595,0.00585,0
New Mexico,20.61873,42.81665,28.87581,22.0748,36.89286,53.13682,53.80594,39.88837,44.66275,23.46114,38.97284,34.44551,46.62984,40.81033,38.85779,35.37712,8.55351,30.07451,69.84808,89.0777,119.57659,102.67509,138.53593,144.6889,88.24719,91.9133,191500000,449000000,320300000,245000000,447000000,688100000,798200000,651000000,735100000,388600000,572100000,500800000,712900000,651400000,637800000,613100000,147800000,505055110,1184700000,1834000000,2513500000,2504743750,3231489000,3988300000,3164200000,3473472800,0.05649,0.11731,0.07911,0.06048,0.10108,0.14558,0.14741,0.10928,0.12236,0.06428,0.10677,0.09437,0.12775,0.11181,0.10646,0.09692,0.02343,0.0824,0.19136,0.24405,0.32761,0.2813,0.37955,0.39641,0.24177,0.25182,0,0,0,0,36.91762,53.13682,53.80594,39.88837,44.66275,23.46114,18.94485,34.44551,46.62984,40.81033,38.86388,35.37712,8.55351,0,31.05931,89.0777,119.58135,102.67756,138.47209,144.68527,88.24719,91.91402,0,0,0,0,447300000,688100000,798200000,651000000,735100000,388600000,278100000,500800000,712900000,651400000,637900000,613100000,147800000,0,526800000,1834000000,2513600000,2504803880,3230000000,3988200000,3164200000,3473500000,0,0,0,0,0.10114,0.14558,0.14741,0.10928,0.12236,0.06428,0.0519,0.09437,0.12775,0.11181,0.10648,0.09692,0.02343,0,0.08509,0.24405,0.32762,0.28131,0.37938,0.3964,0.24177,0.25182
New York,11.45964,10.09445,9.13784,7.90883,9.34518,21.30471,25.56845,21.543,18.82948,13.02068,16.09574,9.07012,11.54658,9.96693,13.3203,42.39054,47.92496,41.54502,49.44388,36.13742,42.14021,45.12808,142.912,175.34318,172.79384,197.79246,1167000000,1098000000,1032000000,815000000,1077000000,2546000000,3257000000,3045000000,2754000000,1948000000,2302000000,1376000000,1787000000,1610000000,2235000000,7300000000,8934000000,7749000000,9445000000,7206000000,8944000000,9161000000,33053000000,43451000000,46331000000,56916000000,0.0314,0.02766,0.02504,0.02167,0.0256,0.05837,0.07005,0.05902,0.05159,0.03567,0.0441,0.02485,0.03163,0.02731,0.03649,0.11614,0.1313,0.11382,0.13546,0.09901,0.11545,0.12364,0.39154,0.48039,0.47341,0.5419,5.3714,5.76432,6.28669,6.88991,6.88958,7.29682,7.41069,7.2942,8.24559,8.06105,8.43244,7.94954,8.43863,8.08497,8.82656,10.44085,9.64507,9.63969,9.4124,10.27053,11.66583,12.19704,14.35043,25.24561,23.33207,30.42854,547000000,627000000,710000000,710000000,794000000,872000000,944000000,1031000000,1206000000,1206000000,1206000000,1206000000,1306000000,1306000000,1481000000,1798000000,1798000000,1798000000,1798000000,2048000000,2476000000,2476000000,3319000000,6256000000,6256000000,8756000000,0.01472,0.01579,0.01722,0.01888,0.01888,0.01999,0.0203,0.01998,0.02259,0.02209,0.0231,0.02178,0.02312,0.02215,0.02418,0.02861,0.02642,0.02641,0.02579,0.02814,0.03196,0.03342,0.03932,0.06917,0.06392,0.08337
North Carolina,0.988,4.27559,0.10094,10.55314,13.81143,18.27726,29.47788,39.26731,24.64649,4.49831,7.62824,17.31999,15.14906,17.24801,16.05791,19.71202,37.09694,38.17288,45.64125,54.87909,40.05261,126.34311,145.49538,130.95381,85.62483,52.68734,37500000,157500000,3800000,400600000,556400000,791100000,1378200000,2007700000,1385700000,242200000,386900000,878000000,812500000,974900000,920800000,1116100000,2155200000,2309700000,2844300000,3558300000,2640400000,8295100000,10281700000,9599201000,6853740000,4513420000,0.00271,0.01171,0.00028,0.02891,0.03784,0.05007,0.08076,0.10758,0.06752,0.01232,0.0209,0.04745,0.0415,0.04725,0.04399,0.05401,0.10164,0.10458,0.12504,0.15035,0.10973,0.34615,0.39862,0.35878,0.23459,0.14435,0.988,4.27559,0,3.9515,6.63018,7.22219,13.4492,15.3846,13.99071,2.78591,2.95745,5.83119,7.80852,11.52285,11.35982,15.04055,27.11354,30.38031,29.6701,28.51683,17.73728,30.18795,44.09423,64.80026,59.34248,42.28627,37500000,157500000,0,150000000,267100000,312600000,628800000,786600000,786600000,150000000,150000000,295600000,418800000,651300000,651400000,851600000,1575200000,1838200000,1849000000,1849000000,1169300000,1982000000,3116000000,4750001000,4750000000,3622420000,0.00271,0.01171,0,0.01083,0.01816,0.01979,0.03685,0.04215,0.03833,0.00763,0.0081,0.01598,0.02139,0.03157,0.03112,0.04121,0.07428,0.08323,0.08129,0.07813,0.0486,0.08271,0.12081,0.17753,0.16258,0.11585
North Dakota,28.33118,45.29197,8.46868,8.91279,31.39302,68.23562,111.84265,178.89328,197.96096,202.71221,146.97647,305.73972,276.01206,307.03863,188.30707,161.80677,101.33835,15.06433,61.94001,119.80828,156.39951,289.18434,223.2183,310.88403,235.5776,336.29478,60000000,102000000,20000000,21000000,76900000,169000000,296000000,496000000,653000000,687000000,638200000,1383200000,1680800000,1979600000,1670000000,1449700000,835500000,103300000,366600000,724200000,999500000,1871300000,1676400000,2226100000,2124200000,2289200000,0.07762,0.12409,0.0232,0.02442,0.08601,0.18695,0.30642,0.49012,0.54236,0.55538,0.40268,0.83764,0.7562,0.8412,0.51591,0.44331,0.27764,0.04127,0.1697,0.32824,0.42849,0.79229,0.61156,0.85174,0.64542,0.92136,0,17.76156,10.58585,2.54651,0,40.37611,37.78468,72.13439,60.63123,95.89733,74.84699,85.40907,63.45256,90.50164,65.79472,63.899,69.43891,5.58532,19.14294,109.05498,112.22584,115.73246,95.52422,103.03681,101.43079,137.87028,0,40000000,25000000,6000000,0,100000000,100000000,200000000,200000000,325000000,325000000,386400000,386400000,583500000,583500000,572500000,572500000,38300000,113300000,659200000,717200000,748900000,717400000,737800000,914600000,938500000,0,0.04866,0.029,0.00698,0,0.11062,0.10352,0.19763,0.16611,0.26273,0.20506,0.234,0.17384,0.24795,0.18026,0.17507,0.19024,0.0153,0.05245,0.29878,0.30747,0.31708,0.26171,0.28229,0.27789,0.37773
Ohio,22.73426,21.01009,9.05268,3.75742,5.17669,10.4851,24.11134,17.82074,37.23249,9.70225,7.39874,5.99341,16.46355,40.84461,38.44525,37.00408,33.88304,27.16604,37.35342,46.15176,62.35615,115.84449,125.35253,168.40468,60.80597,59.46889,1198600000,1217100000,536400000,233200000,338100000,713300000,1642632940,1227800000,2694000000,734500000,510300000,431000000,1220400000,3121300000,3178000000,3189600000,3197900000,2591141400,3255100000,4229600000,3961700000,7413000000,9253214570,12491411000,5928174680,5061479820,0.06229,0.05756,0.0248,0.01029,0.01418,0.02873,0.06606,0.04882,0.10201,0.02658,0.02027,0.01642,0.04511,0.1119,0.10533,0.10138,0.09283,0.07443,0.10234,0.12644,0.17084,0.31738,0.34343,0.46138,0.16659,0.16293,19.01476,17.4454,7.22324,2.91152,2.76672,8.4507,14.83553,14.69289,13.98637,0,0,0,3.33075,6.30734,17.87904,17.14583,21.23955,21.3254,23.34202,29.3697,42.3651,42.06219,36.66067,47.19717,38.8391,46.322,1002500000,1010600000,428000000,180700000,180700000,574900000,1010700000,1012300000,1012000000,0,0,0,246900000,482000000,1477935000,1477900000,2004600000,2034051460,2034100000,2691600000,2691600000,2691600000,2706200000,3500848000,3786552340,3942529430,0.0521,0.0478,0.01979,0.00798,0.00758,0.02315,0.04065,0.04025,0.03832,0,0,0,0.00913,0.01728,0.04898,0.04697,0.05819,0.05843,0.06395,0.08046,0.11607,0.11524,0.10044,0.12931,0.10641,0.12691
Oklahoma,35.14202,47.69762,10.68992,2.69859,21.32815,34.75417,41.5239,44.77973,50.17986,34.74703,20.7123,23.03908,42.91278,38.83338,30.05354,24.74412,14.36218,11.24937,27.31753,58.05659,26.98688,119.09878,185.1509,193.14423,195.57505,160.95541,437600000,629700000,146900000,34400000,284500000,470800000,629400000,767500000,886300000,622800000,290500000,341900000,684500000,667700000,535200000,434100000,240600000,176800000,451600000,1115800000,554000000,2147400000,3775100000,4728700000,5610700000,4670000000,0.09628,0.13068,0.02929,0.00739,0.05843,0.09522,0.11376,0.12268,0.13748,0.0952,0.05675,0.06312,0.11757,0.10639,0.08234,0.06779,0.03935,0.03082,0.07484,0.15906,0.07394,0.3263,0.50726,0.52916,0.53582,0.44097,12.65627,25.76141,5.23944,0.00784,16.30535,34.05289,32.70321,33.34996,33.77784,33.28529,17.76053,16.79245,36.20472,31.12719,30.05354,21.95677,14.36218,5.93646,27.31753,41.94768,11.19907,30.05478,71.23829,68.4278,70.72241,61.21476,157600000,340100000,72000000,100000,217500000,461300000,495700000,571600000,596600000,596600000,249100000,249200000,577500000,535200000,535200000,385200000,240600000,93300000,451600000,806200000,229900000,541900000,1452500000,1675300000,2028900000,1776100000,0.03467,0.07058,0.01435,0.00002,0.04467,0.0933,0.0896,0.09137,0.09254,0.09119,0.04866,0.04601,0.09919,0.08528,0.08234,0.06016,0.03935,0.01626,0.07484,0.11493,0.03068,0.08234,0.19517,0.18747,0.19376,0.16771
Oregon,28.09703,25.2374,-67.70361,8.79256,-29.51447,25.07547,32.67402,92.87912,32.76633,6.97894,-9.96288,5.27296,9.29762,30.12554,18.98778,41.27132,33.82288,70.68407,90.04818,143.42075,38.97519,173.95182,179.84594,266.46768,140.07817,105.97203,373235000,362900000,-1068400000,93100000,-443000000,308600000,544000000,1436700000,626600000,112600000,-173900000,87300000,176400000,556200000,400200000,920000000,833266000,1760985140,2411192390,3997081580,1175238380,5459347700,6726684070,10101403000,6276500000,4942100000,0.07698,0.06914,-0.18549,0.02409,-0.08086,0.0687,0.08952,0.25446,0.08977,0.01912,-0.0273,0.01445,0.02547,0.08254,0.05202,0.11307,0.09267,0.19365,0.24671,0.39293,0.10678,0.47658,0.49273,0.73005,0.38378,0.29033,0,0,0,0,0,0,0,0,32.51533,6.97894,12.35191,0.93621,6.75711,3.75892,7.27343,17.54928,22.30461,30.52967,35.10516,46.20444,38.22442,43.86913,42.71168,53.25712,59.54187,62.68563,0,0,0,0,0,0,0,0,621800000,112600000,215600000,15500000,128200000,69400000,153300000,391200000,549500000,760600000,940000000,1287700000,1152600000,1376800000,1597522880,2018900000,2667900000,2923400000,0,0,0,0,0,0,0,0,0.08908,0.01912,0.03384,0.00256,0.01851,0.0103,0.01993,0.04808,0.06111,0.08364,0.09618,0.12659,0.10472,0.12019,0.11702,0.14591,0.16313,0.17174
Pennsylvania,32.30753,26.86912,2.55132,4.99725,5.62086,10.98293,15.18484,17.25634,17.93309,-17.18785,-3.87574,13.82799,8.85057,7.12083,1.04378,2.58166,0.02665,-17.58512,0.25591,0.24041,-24.77966,2.6184,97.44835,118.21058,105.8129,79.12753,1707900000,1462100000,142800000,279300000,337025000,693700000,1026100000,1244300000,1325000000,-1275400000,-293500000,1072950000,659200000,541000000,81200000,206200000,2200000,-1538900000,22400000,22000000,-2391000000,244000000,10506000000,13214000000,13006000000,10385000000,0.08851,0.07361,0.00699,0.01369,0.0154,0.03009,0.0416,0.04728,0.04913,-0.04709,-0.01062,0.03788,0.02425,0.01951,0.00286,0.00707,0.00007,-0.04818,0.0007,0.00066,-0.06789,0.00717,0.26698,0.32386,0.2899,0.21679,20.75899,20.70545,0,1.25244,4.33958,5.20727,7.57688,9.89365,10.04388,10.17471,0.00924,0.00129,0.00134,0.00132,0.00257,0.0025,0.00242,0.00457,0.00457,0.24041,3.55476,2.6184,46.08993,45.88331,51.85695,57.07697,1097400000,1126700000,0,70000000,260200000,328900000,512000000,713400000,742100000,755000000,700000,100000,100000,100000,200000,200000,200000,400000,400000,22000000,343000000,244000000,4969000000,5129000000,6374000000,7491000000,0.05687,0.05673,0,0.00343,0.01189,0.01427,0.02076,0.02711,0.02752,0.02788,0.00003,0,0,0,0.00001,0.00001,0.00001,0.00001,0.00001,0.00066,0.00974,0.00717,0.12627,0.12571,0.14207,0.15638
Rhode Island,26.70492,31.00596,16.89891,17.17105,14.54177,16.16181,15.87834,9.33542,6.61101,2.28642,16.66884,24.57206,31.52177,31.33598,26.74333,37.34648,36.98455,25.27257,24.12012,21.79909,22.89262,53.90688,34.03337,49.61977,46.90352,37.9967,163200000,210900000,122700000,126600000,108625000,129600000,133700000,82300000,61678000,18800000,130773890,199000000,268600000,276100000,244500000,353400000,359500000,254283580,251027610,234358160,246899190,602374480,488583220,689909000,672855030,582713050,0.07316,0.08495,0.0463,0.04704,0.03984,0.04428,0.0435,0.02558,0.01811,0.00626,0.04567,0.06732,0.08636,0.08585,0.07327,0.10232,0.10133,0.06924,0.06608,0.05972,0.06272,0.14769,0.09324,0.13594,0.1285,0.1041,11.66704,11.71728,11.29349,11.33886,11.28401,11.33571,11.3298,8.92706,11.02942,9.7416,14.31159,16.0521,18.00238,19.52114,19.32739,19.59263,19.71138,19.142,19.07319,18.96183,8.41075,20.39931,19.42974,19.96891,24.1539,22.98531,71300000,79700000,82000000,83600000,84290000,90900000,95400000,78700000,102900000,80100000,112280310,130000000,153400000,172000000,176700000,185400000,191600000,192600000,198502230,203855250,90710820,227949050,278933480,277646000,346500000,352500000,0.03196,0.0321,0.03094,0.03107,0.03092,0.03106,0.03104,0.02446,0.03022,0.02669,0.03921,0.04398,0.04932,0.05348,0.05295,0.05368,0.054,0.05244,0.05226,0.05195,0.02304,0.05589,0.05323,0.05471,0.06618,0.06297
South Carolina,40.59016,8.86083,3.55932,3.33977,6.00255,38.37637,63.92904,60.09753,16.55726,7.65828,17.47572,50.28004,63.25044,61.5879,67.08872,63.29523,57.50157,51.38788,54.88176,76.59791,76.29939,157.13268,261.15333,212.38202,160.85824,174.28732,573400000,134000000,50400000,45700000,80000000,533400000,987800000,1080980730,324300000,120600000,245000000,711800000,956000000,1046100000,1163300000,1181800000,1131300000,1076400000,1187100000,1708700000,1804700000,3615300000,6865900000,6845800000,6019800000,6604200000,0.11121,0.02428,0.00975,0.00915,0.01645,0.10514,0.17515,0.16465,0.04536,0.02098,0.04788,0.13775,0.17329,0.16873,0.1838,0.17341,0.15754,0.14079,0.15036,0.20986,0.20904,0.4305,0.71549,0.58187,0.44071,0.4775,10.29266,4.0006,0,0,1.8908,5.41039,9.93431,9.32334,4.85537,0,7.91757,50.28004,19.07437,22.82538,23.51825,23.95664,23.30966,23.25917,23.52736,39.04983,49.93896,74.19611,70.26443,26.13126,31.10118,38.047,145400000,60500000,0,0,25200000,75200000,153500000,167700000,95100000,0,111000000,711800000,288300000,387700000,407800000,447300000,458600000,487200000,508900000,871100000,1181200000,1707100000,1847300000,842300000,1163900000,1441700000,0.0282,0.01096,0,0,0.00518,0.01482,0.02722,0.02554,0.0133,0,0.02169,0.13775,0.05226,0.06254,0.06443,0.06563,0.06386,0.06372,0.06446,0.10699,0.13682,0.20328,0.19251,0.07159,0.08521,0.10424
South Dakota,17.33809,50.29152,49.65168,43.98337,64.85605,49.5597,47.44481,44.3286,33.20721,33.86076,34.51308,34.01115,55.23245,44.93569,37.7656,44.94049,39.31499,38.96822,40.46634,42.14539,41.4534,58.34278,75.36105,54.91773,49.86406,73.55616,36600000,110600000,115600000,106500000,158000000,134300000,137200000,132500000,107000000,107000000,107000000,107000000,182600000,158900000,149200000,170700000,157400000,165300000,176400000,189100000,193400000,301800000,422600000,335600000,322600000,492000000,0.0475,0.13778,0.13603,0.1205,0.17769,0.13578,0.12999,0.12145,0.09098,0.09277,0.09456,0.09318,0.15132,0.12311,0.10347,0.12312,0.10771,0.10676,0.11087,0.11547,0.11357,0.15984,0.20647,0.15046,0.13661,0.20152,17.33809,50.29152,49.82349,43.98337,64.85605,49.5597,47.44481,44.3286,33.20721,33.86076,34.51308,34.01115,40.74376,38.09212,35.25971,39.28015,35.79313,37.10586,36.58947,37.84393,37.3595,41.73693,54.76427,39.0937,37.40578,48.26001,36600000,110600000,116000000,106500000,158000000,134300000,137200000,132500000,107000000,107000000,107000000,107000000,134700000,134700000,139300000,149200000,143300000,157400000,159500000,169800000,174300000,215900000,307100000,238900000,242000000,322800000,0.0475,0.13778,0.1365,0.1205,0.17769,0.13578,0.12999,0.12145,0.09098,0.09277,0.09456,0.09318,0.11163,0.10436,0.0966,0.10762,0.09806,0.10166,0.10025,0.10368,0.10235,0.11435,0.15004,0.10711,0.10248,0.13222
Tennessee,11.99226,10.89001,9.20307,11.16627,34.03053,29.54415,43.04777,57.85187,36.51796,21.66668,26.75724,32.08871,36.75001,36.81505,25.25766,40.37663,56.5151,63.81751,51.2058,64.39536,79.66891,150.76905,208.03541,188.86038,71.99965,71.89487,216600000,209300000,189500000,242100000,762200000,737600000,1069000000,1549400000,1097800000,633700000,692800000,878800000,1124500000,1155700000,839800000,1364000000,1957900000,2314600000,1939900000,2516800000,3191100000,5968100000,8982000000,8896100000,4220600000,4555200000,0.03286,0.02984,0.02521,0.03059,0.09323,0.08094,0.11794,0.1585,0.10005,0.05936,0.07331,0.08791,0.10068,0.10086,0.0692,0.11062,0.15484,0.17484,0.14029,0.17643,0.21827,0.41307,0.56996,0.51743,0.19726,0.19697,9.14092,9.26145,8.64457,8.20981,9.68857,11.03099,13.08749,20.27093,24.94851,19.02716,17.49958,10.35544,10.00045,11.34045,13.71457,14.5492,16.39541,18.41791,21.11688,22.38793,29.95917,36.63061,35.90012,38.21323,34.97116,33.93352,165100000,178000000,178000000,178000000,217000000,275400000,325000000,542900000,750000000,556500000,453100000,283600000,306000000,356000000,456000000,491500000,568000000,668000000,800000000,875000000,1200000000,1450000000,1550000000,1800000000,2050000000,2150000000,0.02504,0.02537,0.02368,0.02249,0.02654,0.03022,0.03586,0.05554,0.06835,0.05213,0.04794,0.02837,0.0274,0.03107,0.03757,0.03986,0.04492,0.05046,0.05785,0.06134,0.08208,0.10036,0.09836,0.10469,0.09581,0.09297
Texas,51.12021,52.73276,40.66551,7.71767,22.51956,46.01447,85.12479,100.31237,104.85033,74.89958,85.32852,57.9605,49.57898,104.41054,106.712,124.43912,94.6355,75.97016,72.87992,103.46549,31.95578,154.20929,218.86979,319.15331,224.47024,129.18829,3850500000,4190145000,3330100000,648200000,1813300000,3745600000,7467800000,9926500000,11388900000,8702900000,9226000000,6148100000,6054972000,11675700000,13672000000,16810600000,13992605070,11173400000,11191540000,14820000000,5172800000,21508900000,36857194000,53523508000,52805817740,35009438460,0.14006,0.14447,0.11141,0.02114,0.0617,0.12607,0.23322,0.27483,0.28726,0.2052,0.23378,0.1588,0.13583,0.28606,0.29236,0.34093,0.25928,0.20814,0.19967,0.28347,0.08755,0.42249,0.59964,0.87439,0.61499,0.35394,1.1245,2.47294,11.0392,6.67349,4.54043,0.08477,4.61884,13.25237,40.09739,54.01042,71.14656,47.25382,50.22094,55.17733,52.32182,62.69035,65.70336,69.96375,71.91522,70.50733,55.27272,73.66003,63.03342,84.51736,89.33665,89.60413,84700000,196500000,904000000,560500000,365600000,6900000,405200000,1311400000,4355400000,6275700000,7692600000,5012400000,6133373000,6170200000,6703500000,8468900000,9714760000,10290000000,11043400000,10099200000,8947200000,10274000000,10614691000,14173958000,21016126000,24282311000,0.00308,0.00678,0.03024,0.01828,0.01244,0.00023,0.01265,0.03631,0.10986,0.14797,0.19492,0.12946,0.13759,0.15117,0.14335,0.17175,0.18001,0.19168,0.19703,0.19317,0.15143,0.20181,0.17269,0.23155,0.24476,0.24549
Utah,24.21035,12.85477,2.01441,4.40829,12.37807,23.09639,20.53014,40.58968,26.1121,33.31271,14.95834,22.68077,24.42901,53.4386,38.63514,58.95376,38.10583,33.20505,48.47783,47.62629,52.19645,112.23924,156.85991,136.90354,67.96018,54.93269,223100000,132700000,20600000,42700000,121200000,251700000,254900000,555100000,413800000,439600000,182000000,292700000,323400000,750600000,571800000,932600000,658500000,583235310,895100000,988800000,1043600000,2615943000,4406627590,4381639000,2545900000,1904900000,0.06633,0.03522,0.00552,0.01208,0.03391,0.06328,0.05625,0.1112,0.07154,0.09127,0.04098,0.06214,0.06693,0.14641,0.10585,0.16152,0.1044,0.09097,0.13282,0.13048,0.143,0.3075,0.42975,0.37508,0.18619,0.1505,11.90442,11.65357,1.95574,2.74615,6.83245,13.40637,20.53014,22.91624,26.1121,31.71376,17.25963,18.01599,20.92405,28.69139,29.16216,31.01299,28.53452,28.89325,31.31481,33.57152,37.00666,38.05319,42.23758,37.07417,31.67506,34.21866,109700000,120300000,20000000,26600000,66900000,146100000,254900000,313400000,413800000,418500000,210000000,232500000,277000000,403000000,431600000,490600000,493100000,507500000,578200000,697000000,739900000,886900000,1186570090,1186570000,1186600000,1186600000,0.03261,0.03193,0.00536,0.00752,0.01872,0.03673,0.05625,0.06278,0.07154,0.08689,0.04729,0.04936,0.05733,0.07861,0.0799,0.08497,0.07818,0.07916,0.08579,0.09198,0.10139,0.10426,0.11572,0.10157,0.08678,0.09375
Vermont,17.68196,19.52027,5.35718,9.69936,17.74361,16.10191,16.98132,17.36897,17.57644,19.10495,19.23172,17.08337,16.96758,20.53094,18.73719,19.44909,19.26575,25.26723,31.00026,51.25775,51.7899,80.41144,69.35278,108.92019,70.68449,81.2526,41400000,47100000,12800000,23600000,44500000,45800000,51800000,55200000,57800000,60000000,57300000,54400000,58110000,74430000,71150000,76120000,78040000,106600000,132800000,224200000,228060000,383860000,443360000,625930000,464949000,585130000,0.04844,0.05348,0.01468,0.02657,0.04861,0.04411,0.04652,0.04759,0.04815,0.05234,0.05269,0.0468,0.04649,0.05625,0.05133,0.05329,0.05278,0.06923,0.08493,0.14043,0.14189,0.22031,0.19001,0.29841,0.19366,0.22261,17.68196,17.82105,5.44089,9.69936,17.74361,16.10191,16.98132,17.36897,17.57644,19.10495,19.23172,17.08337,16.96758,20.53094,18.73983,19.44653,19.26822,25.26723,31.00026,51.25775,51.7899,58.70919,41.59665,50.20112,46.61127,45.57466,41400000,43000000,13000000,23600000,44500000,45800000,51800000,55200000,57800000,60000000,57300000,54400000,58110000,74430000,71160000,76110000,78050000,106600000,132800000,224200000,228060000,280260000,265920000,288490000,306600000,328200000,0.04844,0.04882,0.01491,0.02657,0.04861,0.04411,0.04652,0.04759,0.04815,0.05234,0.05269,0.0468,0.04649,0.05625,0.05134,0.05328,0.05279,0.06923,0.08493,0.14043,0.14189,0.16085,0.11396,0.13754,0.1277,0.12486
Virginia,39.71365,20.90924,18.36108,10.04832,18.09235,27.32157,58.50812,30.85711,28.07265,16.85643,10.55455,26.92231,21.84035,28.10756,24.03784,22.89629,16.41173,24.16312,11.63544,17.39173,36.96431,54.37503,101.95952,60.66928,90.33666,47.56137,1227500000,715600000,605800000,333613080,614000000,1038900000,2441600000,1516107180,1327722900,736280660,427580660,1140138510,978400000,1319600000,1166000000,1144200000,858900000,1331600000,651900000,1021800000,2257000000,3385001730,7380193310,5276100000,7682700000,4762900000,0.1088,0.05729,0.0503,0.02753,0.04957,0.07485,0.1603,0.08454,0.07691,0.04618,0.02892,0.07376,0.05984,0.07701,0.06586,0.06273,0.04496,0.0662,0.03188,0.04765,0.10127,0.14897,0.27934,0.16622,0.2475,0.13031,18.59019,20.90924,14.31789,7.45462,10.01857,12.68379,25.51343,24.21583,21.45849,13.16636,7.28682,7.06979,6.76372,9.3699,14.17326,9.35903,4.4999,9.95849,7.84798,13.47868,17.5519,24.02141,36.57175,44.00049,55.18359,47.42756,574600000,715600000,472400000,247500000,340000000,482300000,1064700000,1189800000,1014900000,575100000,295200000,299400000,303000000,439900000,687500000,467700000,235500000,548800000,439700000,791900000,1071700000,1495401730,2647193310,3826500000,4693100000,4749500000,0.05093,0.05729,0.03923,0.02042,0.02745,0.03475,0.0699,0.06634,0.05879,0.03607,0.01996,0.01937,0.01853,0.02567,0.03883,0.02564,0.01233,0.02728,0.0215,0.03693,0.04809,0.06581,0.1002,0.12055,0.15119,0.12994
Washington,44.2621,35.77585,18.01191,13.02791,15.92099,25.97659,18.84369,27.71126,27.28778,5.2613,-11.31491,-2.25061,-5.97225,10.32819,17.88793,32.92904,38.62721,51.69528,60.42278,41.64472,35.58182,49.46701,76.07223,81.6361,65.00801,27.65914,1239284000,1061200000,553400000,404558000,499532000,869650000,703200000,1073800000,1092700000,210700000,-466100000,-91400000,-250000000,438000000,788000000,1504000000,1923000000,2739000000,3385000000,2617000000,2336400000,3364800000,5829300000,6937100000,5770200000,2698600000,0.12127,0.09802,0.04935,0.03569,0.04362,0.07117,0.05163,0.07592,0.07476,0.01441,-0.031,-0.00617,-0.01636,0.0283,0.04901,0.09022,0.10583,0.14163,0.16554,0.1141,0.09748,0.13553,0.20842,0.22366,0.1781,0.07578,26.92815,15.57861,3.77554,0,0,0,0.11255,7.56911,7.57175,0.53437,2.30619,0.01477,3.10557,6.36669,9.41159,11.23178,11.04782,30.91525,24.43686,25.74748,25.62945,-0.01911,4.36783,32.39036,19.92533,12.8159,753955000,462100000,116000000,0,0,0,4200000,293300000,303200000,21400000,95000000,600000,130000000,270000000,414600000,513000000,550000000,1638000000,1369000000,1618000000,1682900000,-1300000,334700000,2752400000,1768600000,1250400000,0.07378,0.04268,0.01034,0,0,0,0.00031,0.02074,0.02074,0.00146,0.00632,0.00004,0.00851,0.01744,0.02579,0.03077,0.03027,0.0847,0.06695,0.07054,0.07022,-0.00005,0.01197,0.08874,0.05459,0.03511
West Virginia,30.56419,32.43036,32.84845,31.58869,41.60891,47.10195,84.84321,93.39755,109.92747,87.42614,109.98452,140.51116,128.89872,121.92591,118.68572,111.1027,100.5573,90.27039,93.78149,100.73258,104.25162,127.98086,227.20488,247.52985,199.88342,192.73956,221000000,240500000,253500000,253800000,344100000,440100000,828000000,947000000,1131500000,953400000,1107916000,1452000000,1462100000,1426600000,1368300000,1288700000,1150100000,1050500000,1087300000,1270500000,1310400000,1674200000,2950800000,3828100000,3471400000,3153800000,0.08374,0.08885,0.09,0.08654,0.114,0.12905,0.23245,0.25588,0.30117,0.23952,0.30133,0.38496,0.35315,0.33404,0.32517,0.30439,0.2755,0.24732,0.25694,0.27598,0.28562,0.35063,0.62248,0.67816,0.54763,0.52805,10.12352,10.66628,7.25646,7.19396,6.48136,8.48713,36.79613,50.78184,56.45502,43.3371,55.19497,63.78162,75.05942,78.15873,82.91433,74.92772,68.08449,56.06131,61.20422,59.6784,68.10087,76.06842,73.67142,60.99499,72.33207,82.34424,73200000,79100000,56000000,57800000,53600000,79300000,359100000,514900000,581100000,472600000,556000000,659100000,851400000,914500000,955900000,869100000,778700000,652400000,709600000,752700000,856000000,995100000,956800000,943300000,1256200000,1347400000,0.02774,0.02922,0.01988,0.01971,0.01776,0.02325,0.10081,0.13913,0.15467,0.11873,0.15122,0.17474,0.20564,0.21413,0.22716,0.20528,0.18653,0.15359,0.16768,0.1635,0.18658,0.20841,0.20184,0.16711,0.19817,0.2256
Wisconsin,27.0645,6.83693,1.7441,-9.318,3.56065,0.12618,1.44994,4.97699,3.59711,2.66641,2.12556,3.20749,15.72704,33.55131,19.81457,9.79156,14.09718,18.39825,19.35019,35.27218,38.26487,80.62692,113.6402,158.2635,103.95854,112.00672,835700000,207500000,53800000,-282200000,105200000,4100000,49200000,178700000,133300000,93100000,74680000,119200000,592500000,1317500000,796600000,415900000,612200000,861900000,908600000,1736000000,1934200000,4311000000,6032800000,8873249000,6521419000,6596554550,0.07415,0.01873,0.00478,-0.02553,0.00976,0.00035,0.00397,0.01364,0.00986,0.00731,0.00582,0.00879,0.04309,0.09192,0.05429,0.02683,0.03862,0.05041,0.05301,0.09664,0.10484,0.2209,0.31134,0.4336,0.28482,0.30687,0,0,0,0,0,0,0,1.5708,0.03508,0.04296,0.04839,0.44668,3.32856,7.11262,6.95724,6.59912,6.47522,6.03883,6.81708,13.18846,15.07092,32.35363,32.65969,32.10572,30.27532,33.80634,0,0,0,0,0,0,0,56400000,1300000,1500000,1700000,16600000,125400000,279300000,279700000,280300000,281200000,282900000,320100000,649100000,761800000,1729900000,1733800000,1800049000,1899200000,1991000000,0,0,0,0,0,0,0,0.0043,0.0001,0.00012,0.00013,0.00122,0.00912,0.01949,0.01906,0.01808,0.01774,0.01654,0.01868,0.03613,0.04129,0.08864,0.08948,0.08796,0.08295,0.09262
Wyoming,151.14382,35.38291,37.80917,116.04796,207.07506,126.7244,134.00966,60.06583,61.60507,84.05429,83.01143,173.72152,176.72468,189.23658,189.13822,314.69412,400.49379,366.9085,366.9085,353.78304,353.78304,349.62411,349.62411,302.18041,302.18041,320.16565,214500000,70000000,74800000,250600000,257000000,451000000,456000000,300000000,306000000,403000000,398000000,752000000,765000000,927000000,926000000,1811000000,1811000000,1538000000,1538000000,1577000000,1577000000,1478000000,1478000000,1496000000,1496000000,1721000000,0.41409,0.09694,0.10359,0.31794,0.56733,0.34719,0.36715,0.16456,0.16878,0.23029,0.22743,0.47595,0.48418,0.51846,0.51819,0.86218,1.09724,1.00523,1.00523,0.96927,0.96927,0.95787,0.95787,0.82789,0.82789,0.87717,27.26931,32.75447,32.85556,114.38087,199.01766,125.31948,131.07085,59.06473,59.59184,83.01143,83.01143,173.72152,176.72468,189.23658,189.13822,314.69412,400.49379,366.9085,366.9085,353.78304,353.78304,349.62411,349.62411,302.18041,302.18041,320.16565,38700000,64800000,65000000,247000000,247000000,446000000,446000000,295000000,296000000,398000000,398000000,752000000,765000000,927000000,926000000,1811000000,1811000000,1538000000,1538000000,1577000000,1577000000,1478000000,1478000000,1496000000,1496000000,1721000000,0.07471,0.08974,0.09002,0.31337,0.54525,0.34334,0.3591,0.16182,0.16327,0.22743,0.22743,0.47595,0.48418,0.51846,0.51819,0.86218,1.09724,1.00523,1.00523,0.96927,0.96927,0.95787,0.95787,0.82789,0.82789,0.87717
50-state,31.9978,26.09135,10.53868,9.69517,19.15027,32.91086,43.07583,41.34634,30.2665,16.7272,16.38229,23.24467,28.86249,36.34215,26.61885,33.59561,35.54947,30.35225,42.79473,51.07733,46.39781,99.00223,144.20369,127.61193,108.82139,91.62318,48237394000,38831885000,18657200000,16948298080,28717582050,49976755560,69532366110,69246089210,60072133730,31636862050,32117180560,46253046880,55840236820,74466071610,74067990420,82613897610,81627950700,79432781450,98990688800,1.21691E+11,1.11256E+11,2.41348E+11,3.98812E+11,4.37316E+11,3.96778E+11,3.46874E+11,0.08767,0.07148,0.02887,0.02656,0.05247,0.09017,0.11802,0.11328,0.08292,0.04583,0.04488,0.06368,0.07908,0.09957,0.07293,0.09204,0.0974,0.08316,0.11725,0.13994,0.12712,0.27124,0.39508,0.34962,0.29814,0.25102,15.0645,16.84208,6.04319,2.63535,6.73132,8.97834,16.61945,17.29705,17.64593,9.95816,5.97986,6.42787,9.07438,12.98696,16.51484,17.95184,19.4898,20.48997,23.89923,28.94326,30.80492,37.55297,41.91712,46.22318,54.54114,47.84379,28088761000,22003300000,10918300000,8402000000,12340990000,25022600000,31900300000,31136900000,33222952000,29309568000,27291480310,29044600000,36948411290,41847602560,48104492000,48161449000,51992348490,55686914960,68051067990,78759308930,76969726100,1.21826E+11,1.64305E+11,1.82829E+11,1.82811E+11,1.74226E+11,0.04127,0.04614,0.01656,0.00722,0.01844,0.0246,0.04553,0.04739,0.04835,0.02728,0.01638,0.01761,0.02486,0.03558,0.04525,0.04918,0.0534,0.05614,0.06548,0.0793,0.0844,0.10288,0.11484,0.12664,0.14943,0.13108
Midwest,,,,,,,,,,,,,,,,,,,,,,,,,,94.02899,,,,,,,,,,,,,,,,,,,,,,,,,,,,,,,,,,,,,,,,,,,,,,,,,,,,,,,,,,,,,,,,,,,,,,,,,,,,,,42.14301,,,,,,,,,,,,,,,,,,,,,,,,,,,,,,,,,,,,,,,,,,,,,,,,,,,,
Northeast,,,,,,,,,,,,,,,,,,,,,,,,,,78.54011,,,,,,,,,,,,,,,,,,,,,,,,,,,,,,,,,,,,,,,,,,,,,,,,,,,,,,,,,,,,,,,,,,,,,,,,,,,,,,45.57466,,,,,,,,,,,,,,,,,,,,,,,,,,,,,,,,,,,,,,,,,,,,,,,,,,,,
South,,,,,,,,,,,,,,,,,,,,,,,,,,123.79586,,,,,,,,,,,,,,,,,,,,,,,,,,,,,,,,,,,,,,,,,,,,,,,,,,,,,,,,,,,,,,,,,,,,,,,,,,,,,,44.85691,,,,,,,,,,,,,,,,,,,,,,,,,,,,,,,,,,,,,,,,,,,,,,,,,,,,
West,,,,,,,,,,,,,,,,,,,,,,,,,,105.97203,,,,,,,,,,,,,,,,,,,,,,,,,,,,,,,,,,,,,,,,,,,,,,,,,,,,,,,,,,,,,,,,,,,,,,,,,,,,,,56.08589,,,,,,,,,,,,,,,,,,,,,,,,,,,,,,,,,,,,,,,,,,,,,,,,,,,,